                  epoch,         train/box_loss,         train/cls_loss,         train/dfl_loss,   metrics/precision(B),      metrics/recall(B),       metrics/mAP50(B),    metrics/mAP50-95(B),           val/box_loss,           val/cls_loss,           val/dfl_loss,                 lr/pg0,                 lr/pg1,                 lr/pg2
                      1,                 1.1668,                 2.4529,                 1.3874,                0.58906,                0.55556,                 0.5398,                0.37415,                0.81919,                 1.5659,                 1.2515,             0.00037154,             0.00037154,             0.00037154
                      2,                0.89329,                 1.2151,                 1.2136,                  0.513,                0.74236,                0.61176,                0.43593,                0.97329,                 1.8041,                 1.2725,             0.00075487,             0.00075487,             0.00075487
                      3,                0.94209,                 1.0834,                 1.2374,                0.23512,                0.36806,                0.20526,                0.13686,                 1.7093,                 2.5373,                 2.2007,              0.0011357,              0.0011357,              0.0011357
                      4,                0.92472,                 1.0767,                 1.2189,                  0.432,                0.42153,                0.31541,                0.18921,                 2.0796,                 3.3555,                 2.6918,              0.0014149,              0.0014149,              0.0014149
                      5,                0.90656,                0.99414,                 1.2066,                0.64187,                0.74744,                0.70364,                0.48723,                0.98676,                 1.6002,                 1.4863,              0.0014101,              0.0014101,              0.0014101
                      6,                0.89383,                0.96886,                 1.1851,                0.82312,                0.60884,                0.70912,                0.48554,                 0.8058,                 1.6325,                  1.269,              0.0014054,              0.0014054,              0.0014054
                      7,                0.88596,                0.95523,                 1.1811,                0.61052,                0.87222,                0.80456,                0.60091,                0.74408,                 1.1427,                 1.2795,              0.0014007,              0.0014007,              0.0014007
                      8,                0.89655,                0.89113,                 1.1989,                 0.9198,                0.84861,                0.91331,                0.75048,                0.70676,                0.81382,                 1.3301,               0.001396,               0.001396,               0.001396
                      9,                0.87438,                 0.8469,                 1.1727,                 0.8008,                 0.7015,                0.77169,                0.60336,                0.73202,                0.85579,                 1.2571,              0.0013913,              0.0013913,              0.0013913
                     10,                0.84912,                0.79105,                 1.1613,                0.91612,                0.92222,                0.97613,                0.81111,                0.56145,                0.65613,                  1.054,              0.0013866,              0.0013866,              0.0013866
                     11,                0.79086,                0.75819,                 1.1176,                0.84785,                0.77248,                0.84217,                 0.6844,                0.62184,                0.87398,                 1.1721,              0.0013818,              0.0013818,              0.0013818
                     12,                0.78877,                0.76211,                 1.1284,                0.95715,                0.86111,                 0.9534,                0.79614,                0.62107,                0.65264,                 1.0892,              0.0013771,              0.0013771,              0.0013771
                     13,                0.79236,                0.79386,                 1.1464,                0.92404,                0.95216,                0.97549,                0.83381,                0.57336,                0.57304,                 1.0871,              0.0013724,              0.0013724,              0.0013724
                     14,                0.80748,                0.73014,                 1.1352,                0.88725,                0.88264,                0.93281,                0.65793,                 0.7491,                0.78311,                 1.2604,              0.0013677,              0.0013677,              0.0013677
                     15,                0.78807,                0.73434,                 1.1415,                0.91771,                0.91667,                0.98649,                0.83808,                0.57059,                0.51716,                 1.0995,               0.001363,               0.001363,               0.001363
                     16,                0.78605,                0.71051,                 1.1399,                 0.9662,                0.84236,                0.94089,                0.75009,                0.70793,                 0.5688,                 1.1663,              0.0013583,              0.0013583,              0.0013583
                     17,                0.81472,                 0.7224,                 1.1352,                0.97406,                0.96229,                0.96969,                0.80736,                0.55448,                0.49231,                 1.0499,              0.0013535,              0.0013535,              0.0013535
                     18,                0.75895,                0.71018,                 1.1136,                0.97382,                0.97813,                0.99313,                 0.7931,                0.62308,                0.58584,                 1.0702,              0.0013488,              0.0013488,              0.0013488
                     19,                0.73907,                0.67948,                 1.1085,                0.90632,                0.96458,                0.98349,                0.80144,                0.55246,                0.53442,                 1.0299,              0.0013441,              0.0013441,              0.0013441
                     20,                0.70953,                0.67672,                 1.0978,                0.96998,                0.97222,                0.97492,                0.83187,                0.51228,                0.42469,                 1.0458,              0.0013394,              0.0013394,              0.0013394
                     21,                0.75304,                0.67796,                  1.104,                0.93551,                 0.8843,                0.95728,                0.76882,                0.63191,                0.61171,                 1.1135,              0.0013347,              0.0013347,              0.0013347
                     22,                0.71755,                 0.6656,                 1.0696,                0.92819,                0.98668,                0.99417,                0.86646,                0.53775,                 0.4714,                 1.0435,                0.00133,                0.00133,                0.00133
                     23,                0.71737,                  0.638,                  1.085,                0.96503,                0.99748,                0.99488,                0.87146,                0.50106,                0.39027,                 1.0288,              0.0013253,              0.0013253,              0.0013253
                     24,                0.67499,                0.64418,                  1.067,                 0.9578,                0.88255,                0.94842,                0.82494,                0.52019,                0.49894,                 1.0238,              0.0013205,              0.0013205,              0.0013205
                     25,                0.69862,                0.62936,                 1.0884,                0.95421,                 0.9058,                0.98957,                0.79674,                0.60203,                0.54856,                 1.0906,              0.0013158,              0.0013158,              0.0013158
                     26,                0.76231,                0.63833,                 1.0931,                0.94121,                0.95105,                0.98186,                0.79978,                0.63795,                0.50116,                 1.0889,              0.0013111,              0.0013111,              0.0013111
                     27,                0.69685,                0.59866,                 1.0678,                0.99203,                      1,                  0.995,                0.86241,                0.49498,                0.37319,                0.99815,              0.0013064,              0.0013064,              0.0013064
                     28,                0.68186,                0.63911,                  1.062,                0.92094,                0.88889,                0.95574,                0.85314,                 0.4486,                0.51252,                0.97317,              0.0013017,              0.0013017,              0.0013017
                     29,                0.65567,                0.58936,                 1.0646,                0.98348,                      1,                  0.995,                0.88995,                0.44846,                0.32793,                 1.0005,               0.001297,               0.001297,               0.001297
                     30,                0.62159,                0.55747,                 1.0512,                0.99586,                 0.9831,                  0.995,                0.87097,                 0.4796,                0.34093,                0.99573,              0.0012922,              0.0012922,              0.0012922
                     31,                0.66734,                 0.5883,                 1.0577,                0.97704,                 0.9683,                0.99033,                0.87348,                0.45179,                0.36575,                  0.986,              0.0012875,              0.0012875,              0.0012875
                     32,                 0.6707,                0.60031,                 1.0631,                0.98207,                0.99404,                0.99419,                0.82958,                0.50224,                0.44712,                0.99956,              0.0012828,              0.0012828,              0.0012828
                     33,                0.68678,                0.61887,                 1.0662,                0.96501,                0.98743,                0.99163,                0.88867,                0.46355,                0.36835,                0.99119,              0.0012781,              0.0012781,              0.0012781
                     34,                0.67917,                0.62586,                 1.0688,                0.99306,                      1,                  0.995,                0.85895,                0.50344,                0.32289,                  1.064,              0.0012734,              0.0012734,              0.0012734
                     35,                0.67527,                0.58441,                 1.0807,                0.99755,                0.99658,                  0.995,                0.88298,                0.48194,                 0.3306,                 1.0225,              0.0012687,              0.0012687,              0.0012687
                     36,                0.65674,                0.55567,                 1.0562,                 0.9589,                0.90247,                0.98119,                0.85745,                0.49049,                 0.4667,                 1.0186,               0.001264,               0.001264,               0.001264
                     37,                0.64001,                0.55081,                 1.0406,                 0.9893,                0.99446,                0.99494,                0.88637,                0.42319,                0.36408,                0.96351,              0.0012592,              0.0012592,              0.0012592
                     38,                0.68239,                 0.5686,                 1.0726,                0.97274,                0.96963,                 0.9784,                0.87065,                0.45443,                0.35812,                0.98709,              0.0012545,              0.0012545,              0.0012545
                     39,                0.64123,                0.56392,                 1.0392,                0.91394,                0.98846,                 0.9887,                0.86948,                0.48537,                0.39647,                 1.0183,              0.0012498,              0.0012498,              0.0012498
                     40,                0.64755,                0.55341,                 1.0397,                      1,                0.99195,                  0.995,                0.88465,                0.50445,                0.31685,                 0.9815,              0.0012451,              0.0012451,              0.0012451
                     41,                0.65298,                0.57849,                 1.0583,                0.97704,                0.99824,                0.99469,                0.86325,                0.56347,                0.36823,                 1.0841,              0.0012404,              0.0012404,              0.0012404
                     42,                0.64606,                0.55231,                 1.0225,                0.97839,                0.99746,                0.99488,                0.87433,                 0.4741,                0.33724,                0.97823,              0.0012357,              0.0012357,              0.0012357
                     43,                0.60386,                0.51138,                 1.0213,                0.99252,                      1,                  0.995,                0.88725,                0.46143,                 0.2971,                 1.0076,              0.0012309,              0.0012309,              0.0012309
                     44,                0.63787,                0.54282,                 1.0446,                0.99337,                0.99515,                  0.995,                 0.8703,                0.52209,                0.32774,                 1.0087,              0.0012262,              0.0012262,              0.0012262
                     45,                0.64791,                0.54387,                 1.0489,                0.94196,                 0.9667,                0.97386,                0.86411,                0.43222,                0.36662,                0.95643,              0.0012215,              0.0012215,              0.0012215
                     46,                0.63458,                0.55253,                 1.0437,                0.99757,                      1,                  0.995,                0.87041,                0.46172,                0.33431,                0.99793,              0.0012168,              0.0012168,              0.0012168
                     47,                0.63397,                0.53661,                 1.0614,                0.99363,                0.95557,                0.98757,                0.85269,                0.54934,                0.39963,                 1.0356,              0.0012121,              0.0012121,              0.0012121
                     48,                 0.6118,                0.52048,                 1.0215,                0.97287,                      1,                0.99494,                0.88652,                0.46377,                0.30834,                  0.979,              0.0012074,              0.0012074,              0.0012074
                     49,                0.61951,                 0.5171,                 1.0391,                0.98874,                0.97085,                0.98529,                0.88042,                0.44146,                 0.3095,                0.97205,              0.0012026,              0.0012026,              0.0012026
                     50,                0.60443,                0.52723,                 1.0329,                0.97932,                      1,                0.99419,                0.88016,                0.47688,                0.33371,                0.99506,              0.0011979,              0.0011979,              0.0011979
                     51,                0.62288,                 0.5241,                 1.0382,                0.97203,                0.93273,                0.98106,                0.86287,                0.47997,                0.39011,                0.95985,              0.0011932,              0.0011932,              0.0011932
                     52,                0.62572,                0.52436,                 1.0474,                0.98992,                0.97374,                  0.995,                 0.8984,                0.43511,                0.30695,                0.95553,              0.0011885,              0.0011885,              0.0011885
                     53,                  0.616,                0.52847,                 1.0296,                0.99586,                 0.9988,                  0.995,                0.89563,                0.44053,                0.26885,                0.97238,              0.0011838,              0.0011838,              0.0011838
                     54,                0.61055,                0.51103,                 1.0342,                0.97347,                0.99827,                0.99389,                0.88333,                0.47862,                 0.3194,                  1.009,              0.0011791,              0.0011791,              0.0011791
                     55,                0.60214,                0.51256,                 1.0274,                 0.9752,                 0.9875,                 0.9947,                 0.8821,                0.46542,                0.33723,                0.97417,              0.0011744,              0.0011744,              0.0011744
                     56,                0.60256,                0.49843,                 1.0256,                0.99077,                      1,                0.99494,                0.89785,                0.43909,                0.29875,                0.96872,              0.0011696,              0.0011696,              0.0011696
                     57,                0.60039,                0.47341,                 1.0184,                0.99683,                      1,                  0.995,                 0.8718,                0.54196,                 0.3122,                 1.0855,              0.0011649,              0.0011649,              0.0011649
                     58,                0.62447,                0.54378,                  1.044,                0.99536,                      1,                  0.995,                0.90646,                0.41139,                0.29104,                0.95934,              0.0011602,              0.0011602,              0.0011602
                     59,                0.59511,                0.50441,                 1.0363,                0.98806,                0.99722,                  0.995,                0.91133,                0.42178,                0.28268,                0.98279,              0.0011555,              0.0011555,              0.0011555
                     60,                0.60013,                0.50708,                 1.0234,                0.99426,                      1,                  0.995,                0.89515,                0.41926,                0.28874,                 0.9873,              0.0011508,              0.0011508,              0.0011508
                     61,                0.56997,                0.50832,                 1.0282,                 0.9911,                0.97222,                0.97275,                0.87018,                0.40841,                0.29238,                0.95027,              0.0011461,              0.0011461,              0.0011461
                     62,                0.56242,                0.47717,                  1.014,                0.99809,                      1,                  0.995,                0.89886,                 0.4251,                0.27641,                0.96728,              0.0011413,              0.0011413,              0.0011413
                     63,                 0.5714,                0.47744,                 1.0041,                0.99183,                0.97129,                0.98201,                0.89101,                0.43994,                 0.2888,                0.98283,              0.0011366,              0.0011366,              0.0011366
                     64,                  0.589,                0.48674,                 1.0196,                0.99649,                      1,                  0.995,                0.89791,                0.41935,                0.25316,                0.96114,              0.0011319,              0.0011319,              0.0011319
                     65,                0.56307,                0.49143,                0.99802,                0.99502,                0.99632,                  0.995,                0.88708,                0.43714,                0.27464,                 1.0118,              0.0011272,              0.0011272,              0.0011272
                     66,                0.58509,                0.47744,                 1.0207,                0.98024,                0.96597,                0.98617,                0.85428,                0.49418,                0.33001,                 1.0251,              0.0011225,              0.0011225,              0.0011225
                     67,                0.56028,                 0.4707,                 1.0052,                0.99621,                      1,                  0.995,                0.91437,                0.42698,                0.28206,                0.99711,              0.0011178,              0.0011178,              0.0011178
                     68,                0.55998,                 0.4667,                  1.007,                 0.9978,                      1,                  0.995,                0.88469,                0.47908,                0.29609,                 0.9877,               0.001113,               0.001113,               0.001113
                     69,                0.55948,                0.47504,                 0.9999,                0.99625,                0.99982,                  0.995,                0.90786,                0.43515,                0.28377,                0.97178,              0.0011083,              0.0011083,              0.0011083
                     70,                0.54547,                0.44964,                 1.0116,                0.99676,                      1,                  0.995,                0.90073,                 0.4412,                0.27458,                 1.0215,              0.0011036,              0.0011036,              0.0011036
                     71,                0.53531,                 0.4462,                 1.0011,                0.99501,                      1,                  0.995,                0.90319,                0.41579,                0.27197,                 1.0076,              0.0010989,              0.0010989,              0.0010989
                     72,                 0.5619,                0.45521,                 1.0091,                0.99792,                0.99934,                  0.995,                0.90106,                0.42185,                0.27135,                0.97721,              0.0010942,              0.0010942,              0.0010942
                     73,                0.59077,                0.45471,                   1.02,                0.99662,                0.99882,                  0.995,                0.89343,                0.43067,                0.27352,                0.97575,              0.0010895,              0.0010895,              0.0010895
                     74,                0.54382,                0.45718,                0.99341,                0.99063,                0.97106,                0.98048,                0.89215,                0.41701,                0.28679,                0.96882,              0.0010848,              0.0010848,              0.0010848
                     75,                0.57612,                0.45414,                  1.007,                0.99065,                0.97053,                0.99213,                0.90398,                0.42704,                0.27501,                0.94934,                0.00108,                0.00108,                0.00108
                     76,                0.54576,                0.45879,                 1.0023,                0.99667,                      1,                  0.995,                0.87612,                0.43195,                0.26006,                0.99268,              0.0010753,              0.0010753,              0.0010753
                     77,                0.55137,                0.43857,                  1.006,                0.99688,                0.99698,                  0.995,                0.91781,                0.42206,                0.27769,                 0.9723,              0.0010706,              0.0010706,              0.0010706
                     78,                0.57403,                0.44631,                 1.0066,                0.99724,                0.99981,                  0.995,                0.88772,                 0.4436,                0.28368,                0.97934,              0.0010659,              0.0010659,              0.0010659
                     79,                0.55514,                0.44166,                 1.0105,                0.99687,                0.99833,                  0.995,                0.90884,                0.44385,                0.26969,                0.99272,              0.0010612,              0.0010612,              0.0010612
                     80,                0.57498,                0.47618,                 1.0368,                0.94398,                0.98304,                0.99089,                0.89206,                0.42971,                 0.3114,                0.95086,              0.0010565,              0.0010565,              0.0010565
                     81,                0.55605,                0.44518,                 1.0084,                0.96645,                0.96797,                0.98705,                0.89457,                0.42877,                0.30419,                 0.9608,              0.0010517,              0.0010517,              0.0010517
                     82,                0.55678,                0.45575,                 1.0001,                0.97136,                0.99498,                0.99475,                0.90469,                0.41311,                0.28987,                0.95002,               0.001047,               0.001047,               0.001047
                     83,                0.53891,                0.44042,                 1.0152,                0.98502,                      1,                0.99488,                 0.9083,                 0.4103,                0.25912,                0.97302,              0.0010423,              0.0010423,              0.0010423
                     84,                0.53993,                0.43577,                 1.0063,                 0.9921,                0.96752,                0.98454,                 0.8964,                0.42528,                0.27481,                0.97752,              0.0010376,              0.0010376,              0.0010376
                     85,                0.54606,                0.44625,                 1.0074,                  0.988,                0.96597,                0.99344,                0.89447,                0.49424,                0.28835,                 1.0279,              0.0010329,              0.0010329,              0.0010329
                     86,                 0.5252,                0.43536,                0.99596,                0.98788,                0.97222,                0.98607,                0.89996,                0.42627,                0.28856,                0.95368,              0.0010282,              0.0010282,              0.0010282
                     87,                0.54417,                0.46774,                 1.0024,                0.98861,                0.99911,                0.99488,                0.88788,                 0.4458,                0.28165,                0.97071,              0.0010234,              0.0010234,              0.0010234
                     88,                0.53039,                0.43232,                0.98989,                0.99738,                      1,                  0.995,                0.89628,                0.42589,                0.24746,                0.96317,              0.0010187,              0.0010187,              0.0010187
                     89,                0.51852,                0.43941,                0.99589,                0.96776,                 0.9988,                  0.995,                0.88991,                0.43969,                0.27424,                0.99935,               0.001014,               0.001014,               0.001014
                     90,                0.53926,                0.44912,                0.99901,                0.99465,                      1,                  0.995,                0.89913,                0.43104,                0.25284,                0.99444,              0.0010093,              0.0010093,              0.0010093
                     91,                0.52681,                0.42895,                0.99739,                0.99774,                0.99844,                  0.995,                 0.9132,                0.40958,                0.23462,                0.97638,              0.0010046,              0.0010046,              0.0010046
                     92,                0.51369,                 0.4529,                0.99394,                0.97672,                0.99806,                0.99426,                0.91057,                0.41005,                0.26406,                0.95241,             0.00099987,             0.00099987,             0.00099987
                     93,                0.53187,                0.45288,                0.98717,                0.97988,                0.99375,                0.99451,                0.90548,                0.40098,                0.32243,                0.94387,             0.00099516,             0.00099516,             0.00099516
                     94,                0.52746,                0.42891,                 1.0031,                0.99827,                0.99983,                  0.995,                0.87243,                0.45034,                0.29137,                0.99307,             0.00099044,             0.00099044,             0.00099044
                     95,                0.51635,                0.43497,                0.98667,                0.98364,                0.99845,                0.99494,                0.91036,                 0.4197,                0.27724,                0.98433,             0.00098572,             0.00098572,             0.00098572
                     96,                0.54633,                0.42397,                0.99777,                0.98309,                0.99869,                0.99482,                 0.9187,                0.39143,                0.27427,                0.96604,             0.00098101,             0.00098101,             0.00098101
                     97,                0.53442,                0.43408,                0.99596,                0.99822,                      1,                  0.995,                0.91631,                0.40408,                0.24618,                0.95637,             0.00097629,             0.00097629,             0.00097629
                     98,                 0.5244,                0.40958,                0.98382,                0.99749,                0.99675,                  0.995,                0.90957,                0.41712,                0.24575,                  0.982,             0.00097158,             0.00097158,             0.00097158
                     99,                0.50747,                0.40518,                0.97612,                0.99837,                0.99938,                  0.995,                0.91668,                0.39423,                 0.2296,                0.94626,             0.00096686,             0.00096686,             0.00096686
                    100,                0.52116,                0.43554,                0.99266,                 0.9925,                      1,                0.99494,                0.90069,                0.45667,                0.26798,                0.96055,             0.00096215,             0.00096215,             0.00096215
                    101,                0.51793,                0.44379,                0.96888,                0.98732,                0.99742,                  0.995,                0.92509,                0.40002,                0.25582,                0.96084,             0.00095743,             0.00095743,             0.00095743
                    102,                0.50284,                0.41544,                0.99026,                0.99585,                      1,                  0.995,                0.91484,                0.41677,                0.26273,                0.96699,             0.00095271,             0.00095271,             0.00095271
                    103,                0.50534,                 0.4183,                0.98365,                0.99747,                0.99829,                  0.995,                0.90651,                0.41382,                0.26011,                0.95231,               0.000948,               0.000948,               0.000948
                    104,                0.50942,                0.41169,                0.99656,                0.99335,                      1,                  0.995,                0.91408,                 0.3954,                0.24124,                 0.9543,             0.00094328,             0.00094328,             0.00094328
                    105,                0.52598,                0.40565,                0.98414,                0.99787,                      1,                  0.995,                0.90131,                0.41663,                0.24712,                0.94947,             0.00093857,             0.00093857,             0.00093857
                    106,                0.50014,                0.40646,                0.98212,                0.99209,                0.99531,                  0.995,                0.91547,                0.38365,                0.24034,                0.92363,             0.00093385,             0.00093385,             0.00093385
                    107,                0.49987,                0.42214,                0.97946,                0.99419,                      1,                  0.995,                0.93348,                0.36976,                0.23985,                0.94397,             0.00092914,             0.00092914,             0.00092914
                    108,                0.50247,                 0.4302,                0.98392,                0.99669,                0.99849,                  0.995,                0.92914,                0.37064,                0.22016,                0.94745,             0.00092442,             0.00092442,             0.00092442
                    109,                0.49535,                0.38787,                0.98156,                0.99059,                0.99782,                  0.995,                 0.9158,                0.39383,                0.24232,                 0.9599,              0.0009197,              0.0009197,              0.0009197
                    110,                 0.4863,                0.39971,                0.98416,                0.97798,                0.99375,                0.99494,                 0.9065,                0.39401,                0.24237,                0.96023,             0.00091499,             0.00091499,             0.00091499
                    111,                 0.5112,                0.40739,                0.99472,                 0.9962,                      1,                  0.995,                  0.919,                0.37801,                0.22196,                0.93937,             0.00091027,             0.00091027,             0.00091027
                    112,                0.51545,                 0.4023,                0.97697,                0.99823,                0.99985,                  0.995,                0.92421,                0.39322,                0.22615,                0.93947,             0.00090556,             0.00090556,             0.00090556
                    113,                0.51363,                0.40841,                0.98973,                0.99837,                0.99483,                  0.995,                0.92181,                0.39179,                0.22022,                0.92091,             0.00090084,             0.00090084,             0.00090084
                    114,                0.47757,                0.36935,                0.96182,                0.99759,                0.99873,                  0.995,                0.92101,                0.39174,                 0.2364,                0.94093,             0.00089613,             0.00089613,             0.00089613
                    115,                0.50811,                 0.3945,                0.97841,                0.99527,                 0.9988,                  0.995,                0.92012,                0.38642,                0.23796,                 0.9507,             0.00089141,             0.00089141,             0.00089141
                    116,                0.52535,                0.39781,                0.99405,                 0.9954,                0.97222,                0.99143,                0.90621,                0.40861,                0.23153,                0.97629,             0.00088669,             0.00088669,             0.00088669
                    117,                0.47215,                0.38661,                0.98144,                0.99442,                 0.9956,                  0.995,                0.92756,                0.37618,                 0.2264,                0.94098,             0.00088198,             0.00088198,             0.00088198
                    118,                0.50248,                0.38434,                0.97193,                0.99664,                      1,                  0.995,                0.92531,                0.38566,                 0.2352,                0.95092,             0.00087726,             0.00087726,             0.00087726
                    119,                0.52076,                 0.3878,                0.99087,                0.99708,                      1,                  0.995,                0.93367,                0.36913,                0.22042,                0.94912,             0.00087255,             0.00087255,             0.00087255
                    120,                0.50905,                0.39523,                 0.9791,                0.99812,                0.99968,                  0.995,                0.91717,                0.39457,                0.22127,                0.96722,             0.00086783,             0.00086783,             0.00086783
                    121,                0.49816,                0.38968,                0.98105,                0.99782,                      1,                  0.995,                0.91881,                0.39597,                0.22261,                0.96738,             0.00086312,             0.00086312,             0.00086312
                    122,                 0.4792,                0.38333,                0.96641,                0.99801,                      1,                  0.995,                0.92624,                0.37523,                0.21823,                0.93364,              0.0008584,              0.0008584,              0.0008584
                    123,                0.46014,                0.36971,                0.95969,                0.99761,                      1,                  0.995,                0.91213,                0.40182,                0.22341,                0.96627,             0.00085368,             0.00085368,             0.00085368
                    124,                 0.4674,                0.38843,                 0.9702,                0.99708,                      1,                  0.995,                0.92318,                0.38271,                0.22774,                0.94271,             0.00084897,             0.00084897,             0.00084897
                    125,                0.48123,                0.39142,                0.97329,                0.99428,                0.98798,                  0.995,                0.91371,                0.41894,                0.23903,                0.99231,             0.00084425,             0.00084425,             0.00084425
                    126,                0.48513,                 0.3966,                0.97413,                0.99795,                      1,                  0.995,                0.92552,                0.40174,                0.22214,                0.99006,             0.00083954,             0.00083954,             0.00083954
                    127,                0.47395,                0.37324,                0.95349,                0.99764,                0.99899,                  0.995,                0.92139,                0.38683,                0.21409,                0.96603,             0.00083482,             0.00083482,             0.00083482
                    128,                0.48266,                0.39121,                0.96591,                0.98197,                0.99823,                0.99494,                 0.9274,                0.38565,                0.24374,                0.93599,             0.00083011,             0.00083011,             0.00083011
                    129,                0.49989,                0.38975,                0.96301,                0.99187,                0.97222,                0.98463,                0.90607,                0.40869,                0.26051,                0.98231,             0.00082539,             0.00082539,             0.00082539
                    130,                0.46474,                0.38885,                0.96753,                0.98881,                0.99331,                0.99494,                0.92524,                0.39425,                0.27044,                0.98568,             0.00082067,             0.00082067,             0.00082067
                    131,                0.48725,                0.38641,                0.97198,                0.99813,                      1,                  0.995,                  0.914,                0.41433,                0.23737,                 1.0127,             0.00081596,             0.00081596,             0.00081596
                    132,                0.51493,                0.41397,                0.98379,                0.99467,                      1,                  0.995,                0.90968,                0.39815,                 0.2413,                0.96993,             0.00081124,             0.00081124,             0.00081124
                    133,                0.49373,                0.39272,                0.97401,                0.98903,                0.97222,                0.99257,                0.91222,                 0.3985,                0.24063,                0.97274,             0.00080653,             0.00080653,             0.00080653
                    134,                 0.4818,                0.39467,                0.98177,                0.98736,                0.97791,                  0.995,                0.91701,                 0.3817,                0.24111,                0.94841,             0.00080181,             0.00080181,             0.00080181
                    135,                0.45549,                0.36043,                0.95233,                 0.9972,                0.99942,                  0.995,                 0.9202,                 0.3698,                0.21759,                0.93397,              0.0007971,              0.0007971,              0.0007971
                    136,                0.45668,                0.37841,                0.96361,                0.99783,                      1,                  0.995,                0.90906,                 0.4244,                 0.2305,                0.94443,             0.00079238,             0.00079238,             0.00079238
                    137,                0.46021,                0.37666,                0.97149,                0.99767,                      1,                  0.995,                0.91893,                0.40079,                0.23242,                0.96435,             0.00078766,             0.00078766,             0.00078766
                    138,                 0.4654,                0.37171,                0.96968,                0.99813,                      1,                  0.995,                0.91563,                0.38376,                0.21621,                0.96643,             0.00078295,             0.00078295,             0.00078295
                    139,                 0.4606,                0.36489,                0.95903,                0.99534,                0.99647,                  0.995,                0.91584,                0.40942,                0.23045,                0.97427,             0.00077823,             0.00077823,             0.00077823
                    140,                0.46333,                0.35904,                0.95846,                0.99655,                0.99841,                  0.995,                0.92445,                0.39019,                0.20768,                0.97975,             0.00077352,             0.00077352,             0.00077352
                    141,                 0.4649,                0.37256,                0.96215,                0.99197,                0.99953,                  0.995,                0.92519,                0.38985,                0.21117,                0.99266,              0.0007688,              0.0007688,              0.0007688
                    142,                 0.4613,                0.37869,                0.96653,                0.87452,                0.95604,                0.95222,                0.87363,                0.38391,                0.38094,                0.93924,             0.00076409,             0.00076409,             0.00076409
                    143,                0.44723,                0.36529,                0.95005,                 0.9983,                0.99957,                  0.995,                0.91122,                0.38997,                 0.2217,                0.94385,             0.00075937,             0.00075937,             0.00075937
                    144,                0.44977,                0.34686,                0.93984,                0.99745,                0.99917,                  0.995,                 0.9278,                0.38442,                0.22344,                0.95755,             0.00075465,             0.00075465,             0.00075465
                    145,                0.46345,                0.36913,                0.95415,                0.99683,                0.99915,                  0.995,                0.91086,                 0.3984,                0.21945,                0.96465,             0.00074994,             0.00074994,             0.00074994
                    146,                0.44272,                0.35688,                0.95795,                0.99691,                0.99923,                  0.995,                0.92016,                0.39972,                0.23952,                0.96518,             0.00074522,             0.00074522,             0.00074522
                    147,                0.45806,                0.36679,                0.96002,                0.99718,                0.99867,                  0.995,                0.92231,                0.41306,                0.22937,                0.98379,             0.00074051,             0.00074051,             0.00074051
                    148,                0.46687,                0.36488,                0.96886,                0.99845,                0.99519,                  0.995,                0.93211,                 0.4048,                0.21273,                0.97069,             0.00073579,             0.00073579,             0.00073579
                    149,                0.44737,                0.35766,                0.95712,                0.99642,                0.99861,                  0.995,                0.92312,                0.40059,                0.22015,                0.98732,             0.00073108,             0.00073108,             0.00073108
                    150,                0.46074,                0.37699,                0.95922,                0.99711,                0.99898,                  0.995,                 0.9279,                0.39528,                0.22009,                0.97846,             0.00072636,             0.00072636,             0.00072636
                    151,                 0.4413,                0.34369,                0.94543,                0.99755,                0.99869,                  0.995,                0.92478,                0.39494,                0.21645,                0.95911,             0.00072164,             0.00072164,             0.00072164
                    152,                0.43318,                0.39007,                0.95059,                0.99719,                0.99847,                  0.995,                0.92481,                0.38737,                0.21626,                0.97373,             0.00071693,             0.00071693,             0.00071693
                    153,                0.44641,                0.35897,                0.96024,                0.99825,                      1,                  0.995,                0.91922,                0.37113,                0.20401,                0.93674,             0.00071221,             0.00071221,             0.00071221
                    154,                0.45122,                0.35653,                0.95344,                0.99814,                      1,                  0.995,                 0.9205,                 0.3969,                0.22614,                0.94887,              0.0007075,              0.0007075,              0.0007075
                    155,                0.45377,                0.37069,                0.95582,                0.99804,                      1,                  0.995,                0.92581,                0.40182,                0.21832,                0.97038,             0.00070278,             0.00070278,             0.00070278
                    156,                0.45155,                0.36186,                0.95868,                0.99674,                0.99906,                  0.995,                0.92493,                 0.3984,                0.22701,                 0.9613,             0.00069807,             0.00069807,             0.00069807
                    157,                0.44876,                0.37345,                0.96487,                 0.9979,                0.99931,                  0.995,                 0.9245,                0.39935,                0.22341,                0.94411,             0.00069335,             0.00069335,             0.00069335
                    158,                0.44879,                 0.3531,                0.95673,                  0.998,                      1,                  0.995,                 0.9248,                 0.3908,                0.22466,                0.96138,             0.00068864,             0.00068864,             0.00068864
                    159,                0.43547,                0.34451,                0.94457,                0.99754,                      1,                  0.995,                0.91574,                0.39665,                0.21581,                0.95858,             0.00068392,             0.00068392,             0.00068392
                    160,                0.46062,                0.35458,                0.95469,                0.99084,                0.99949,                  0.995,                0.91658,                0.38987,                0.21261,                 0.9716,              0.0006792,              0.0006792,              0.0006792
                    161,                0.45205,                0.35761,                0.95028,                0.98641,                 0.9941,                0.99494,                0.91119,                0.38734,                0.22929,                0.95584,             0.00067449,             0.00067449,             0.00067449
                    162,                0.44532,                0.35821,                0.95935,                0.99692,                0.99924,                  0.995,                 0.9197,                0.37951,                0.21536,                0.95437,             0.00066977,             0.00066977,             0.00066977
                    163,                0.42347,                0.34394,                0.94165,                0.99823,                0.99928,                  0.995,                0.91604,                0.39414,                0.20671,                0.98361,             0.00066506,             0.00066506,             0.00066506
                    164,                0.43109,                 0.3343,                0.94886,                 0.9966,                0.99892,                  0.995,                0.91933,                0.42141,                0.20851,                0.98528,             0.00066034,             0.00066034,             0.00066034
                    165,                0.42035,                0.33263,                0.93851,                 0.9959,                      1,                  0.995,                0.92181,                0.39452,                0.21951,                0.98995,             0.00065563,             0.00065563,             0.00065563
                    166,                0.42808,                 0.3298,                0.93764,                0.99811,                      1,                  0.995,                0.93261,                 0.3663,                0.21931,                0.94581,             0.00065091,             0.00065091,             0.00065091
                    167,                0.41424,                0.31926,                0.94042,                0.99723,                0.99941,                  0.995,                0.91839,                0.37456,                0.21519,                 0.9597,             0.00064619,             0.00064619,             0.00064619
                    168,                0.42948,                0.33742,                0.94292,                0.99819,                0.99975,                  0.995,                0.92457,                0.40352,                0.24698,                0.98503,             0.00064148,             0.00064148,             0.00064148
                    169,                0.43225,                0.35304,                0.92841,                0.99791,                0.99995,                  0.995,                0.93835,                0.38478,                0.21296,                 0.9781,             0.00063676,             0.00063676,             0.00063676
                    170,                0.42704,                0.33493,                0.94911,                0.99589,                 0.9986,                  0.995,                0.92482,                0.39663,                0.20622,                 1.0121,             0.00063205,             0.00063205,             0.00063205
                    171,                0.44413,                 0.3469,                0.95046,                0.99765,                0.99876,                  0.995,                0.92847,                 0.3874,                0.20838,                0.99468,             0.00062733,             0.00062733,             0.00062733
                    172,                0.43063,                0.32472,                0.93605,                0.99763,                 0.9994,                  0.995,                0.92879,                0.38764,                0.21585,                 0.9779,             0.00062262,             0.00062262,             0.00062262
                    173,                0.43038,                0.34017,                0.94765,                0.99608,                0.99907,                  0.995,                0.92523,                0.40134,                0.20922,                0.97637,              0.0006179,              0.0006179,              0.0006179
                    174,                0.42837,                0.33629,                0.93523,                 0.9985,                0.99515,                  0.995,                0.92731,                0.38708,                0.21573,                0.98407,             0.00061318,             0.00061318,             0.00061318
                    175,                0.41902,                0.33416,                0.94317,                0.99663,                0.99855,                  0.995,                0.93109,                0.38556,                0.20607,                0.99574,             0.00060847,             0.00060847,             0.00060847
                    176,                0.43047,                0.34599,                0.94642,                0.99733,                0.99924,                  0.995,                0.93266,                0.37215,                0.20487,                0.96718,             0.00060375,             0.00060375,             0.00060375
                    177,                 0.4087,                0.31218,                0.93357,                0.99789,                0.99946,                  0.995,                0.92434,                0.37484,                0.20125,                 0.9462,             0.00059904,             0.00059904,             0.00059904
                    178,                0.39597,                 0.3198,                 0.9427,                0.99642,                0.99936,                  0.995,                0.93712,                0.37388,                0.20519,                0.93098,             0.00059432,             0.00059432,             0.00059432
                    179,                0.40408,                0.31136,                0.94778,                0.99633,                0.99926,                  0.995,                0.92414,                0.38756,                0.19173,                0.94384,             0.00058961,             0.00058961,             0.00058961
                    180,                0.41775,                0.32817,                0.94588,                0.99698,                0.99988,                  0.995,                 0.9402,                0.36948,                0.19347,                  0.936,             0.00058489,             0.00058489,             0.00058489
                    181,                0.42395,                0.32099,                0.94395,                0.99764,                0.99951,                  0.995,                0.93764,                0.35177,                0.18945,                0.94491,             0.00058017,             0.00058017,             0.00058017
                    182,                0.41985,                 0.3379,                 0.9404,                0.99689,                0.99958,                  0.995,                0.93341,                0.35731,                0.19546,                0.93924,             0.00057546,             0.00057546,             0.00057546
                    183,                0.41262,                0.32677,                0.92812,                 0.9979,                      1,                  0.995,                0.93625,                0.37317,                0.22193,                0.94276,             0.00057074,             0.00057074,             0.00057074
                    184,                0.40281,                0.34084,                0.94105,                0.99705,                0.99953,                  0.995,                0.93162,                0.37622,                0.19862,                0.95659,             0.00056603,             0.00056603,             0.00056603
                    185,                0.42144,                0.33837,                0.93549,                  0.997,                0.99951,                  0.995,                0.93439,                0.36354,                0.19458,                0.94309,             0.00056131,             0.00056131,             0.00056131
                    186,                0.39405,                0.31366,                0.93686,                0.99672,                0.99959,                  0.995,                 0.9195,                0.37927,                0.20875,                0.94034,              0.0005566,              0.0005566,              0.0005566
                    187,                0.41562,                0.33043,                0.93588,                0.99744,                 0.9992,                  0.995,                0.93963,                0.35053,                0.20626,                0.92892,             0.00055188,             0.00055188,             0.00055188
                    188,                0.40077,                0.33051,                0.93587,                0.99727,                0.99992,                  0.995,                0.93015,                0.38399,                0.21922,                 0.9319,             0.00054716,             0.00054716,             0.00054716
                    189,                0.40938,                0.32282,                0.94153,                0.99681,                0.99881,                  0.995,                0.92282,                 0.3722,                0.21479,                0.92834,             0.00054245,             0.00054245,             0.00054245
                    190,                0.40182,                0.30673,                0.92883,                0.99745,                0.99909,                  0.995,                0.93486,                0.36884,                0.20844,                0.94881,             0.00053773,             0.00053773,             0.00053773
                    191,                0.41708,                0.34646,                0.94547,                0.99697,                 0.9993,                  0.995,                0.92859,                0.36841,                0.21476,                0.94957,             0.00053302,             0.00053302,             0.00053302
                    192,                0.41074,                0.33654,                0.93233,                0.99731,                      1,                  0.995,                0.94452,                0.37702,                0.22379,                0.97069,              0.0005283,              0.0005283,              0.0005283
                    193,                 0.4183,                0.32453,                0.94776,                0.99694,                0.99975,                  0.995,                0.93493,                 0.3799,                0.21341,                0.98832,             0.00052359,             0.00052359,             0.00052359
                    194,                0.39939,                0.32102,                0.93557,                0.99667,                0.99416,                  0.995,                0.93473,                0.38419,                0.21392,                0.98787,             0.00051887,             0.00051887,             0.00051887
                    195,                0.40811,                0.32023,                  0.935,                0.99832,                      1,                  0.995,                0.92085,                0.39752,                 0.2111,                0.98874,             0.00051415,             0.00051415,             0.00051415
                    196,                0.40213,                0.32379,                0.94105,                0.99776,                      1,                  0.995,                0.92911,                0.38673,                0.20224,                0.98096,             0.00050944,             0.00050944,             0.00050944
                    197,                 0.4006,                 0.3258,                 0.9392,                 0.9974,                      1,                  0.995,                0.93341,                0.38565,                0.20249,                0.98067,             0.00050472,             0.00050472,             0.00050472
                    198,                0.41156,                  0.327,                0.92914,                0.99682,                      1,                  0.995,                0.93096,                0.38737,                0.20908,                0.95313,             0.00050001,             0.00050001,             0.00050001
                    199,                0.39031,                0.31581,                0.93102,                0.99805,                      1,                  0.995,                0.93338,                0.37337,                0.19706,                0.94769,             0.00049529,             0.00049529,             0.00049529
                    200,                0.39191,                0.30412,                0.92679,                0.99755,                      1,                  0.995,                0.93144,                0.38065,                0.19512,                0.96882,             0.00049058,             0.00049058,             0.00049058
                    201,                0.38891,                0.30997,                0.93288,                0.99614,                      1,                  0.995,                0.93374,                 0.3931,                0.20538,                0.96762,             0.00048586,             0.00048586,             0.00048586
                    202,                0.40102,                0.32895,                0.92425,                0.99677,                0.99957,                  0.995,                0.93437,                0.39438,                 0.2045,                0.98375,             0.00048114,             0.00048114,             0.00048114
                    203,                0.40762,                 0.3488,                 0.9381,                0.99795,                0.99906,                  0.995,                0.92613,                0.38832,                 0.1999,                0.98963,             0.00047643,             0.00047643,             0.00047643
                    204,                0.37492,                0.30306,                0.93809,                0.99831,                      1,                  0.995,                0.93615,                0.36229,                 0.1908,                0.95213,             0.00047171,             0.00047171,             0.00047171
                    205,                0.38585,                0.31328,                0.93037,                0.99822,                0.99991,                  0.995,                0.93926,                0.36487,                0.19439,                0.95243,               0.000467,               0.000467,               0.000467
                    206,                0.37121,                0.29942,                0.92138,                 0.9977,                      1,                  0.995,                0.93735,                0.35296,                0.19667,                0.93295,             0.00046228,             0.00046228,             0.00046228
                    207,                0.39483,                0.31394,                0.92569,                0.99683,                0.99941,                  0.995,                0.93214,                0.37037,                 0.1913,                0.95159,             0.00045757,             0.00045757,             0.00045757
                    208,                0.37827,                0.29723,                0.92823,                0.99548,                0.99859,                  0.995,                0.93768,                0.36032,                0.19946,                0.96429,             0.00045285,             0.00045285,             0.00045285
                    209,                0.39173,                0.31673,                 0.9283,                0.99616,                0.99864,                  0.995,                0.93918,                0.36735,                0.20326,                0.96351,             0.00044813,             0.00044813,             0.00044813
                    210,                0.39363,                0.29754,                0.93541,                 0.9982,                  0.999,                  0.995,                0.94294,                0.36895,                0.20241,                 0.9581,             0.00044342,             0.00044342,             0.00044342
                    211,                0.38338,                 0.3113,                0.92382,                0.99759,                      1,                  0.995,                0.93356,                0.36249,                0.19246,                 0.9705,              0.0004387,              0.0004387,              0.0004387
                    212,                0.39123,                0.31161,                0.92224,                0.99725,                      1,                  0.995,                0.93965,                0.35956,                0.19939,                0.96115,             0.00043399,             0.00043399,             0.00043399
                    213,                0.38799,                 0.3098,                0.93969,                0.99704,                      1,                  0.995,                0.94876,                0.36334,                0.19265,                0.97108,             0.00042927,             0.00042927,             0.00042927
                    214,                0.38782,                0.30927,                0.91644,                 0.9962,                      1,                  0.995,                0.94059,                 0.3577,                0.20114,                0.95154,             0.00042456,             0.00042456,             0.00042456
                    215,                0.39312,                0.31777,                0.92655,                0.99667,                      1,                  0.995,                0.93008,                0.36567,                0.20245,                0.95037,             0.00041984,             0.00041984,             0.00041984
                    216,                 0.3956,                0.29839,                0.92374,                0.99776,                      1,                  0.995,                0.93194,                0.36571,                0.19032,                0.95009,             0.00041512,             0.00041512,             0.00041512
                    217,                0.38349,                0.30144,                0.92749,                0.99732,                      1,                  0.995,                0.94127,                0.35744,                0.18825,                0.95002,             0.00041041,             0.00041041,             0.00041041
                    218,                0.37435,                0.30978,                0.92188,                0.99761,                      1,                  0.995,                0.93658,                0.35492,                0.19489,                0.94577,             0.00040569,             0.00040569,             0.00040569
                    219,                0.36377,                0.30264,                0.91995,                0.99811,                      1,                  0.995,                0.93567,                0.36236,                0.19603,                0.95029,             0.00040098,             0.00040098,             0.00040098
                    220,                0.38366,                0.29362,                0.92375,                0.99793,                      1,                  0.995,                0.92992,                0.36903,                0.20322,                 0.9564,             0.00039626,             0.00039626,             0.00039626
                    221,                0.37825,                0.28982,                0.92955,                0.99804,                      1,                  0.995,                0.94341,                 0.3528,                0.20403,                0.94887,             0.00039155,             0.00039155,             0.00039155
                    222,                0.40371,                0.30475,                0.93514,                0.99758,                      1,                  0.995,                0.93661,                  0.373,                0.19481,                0.97346,             0.00038683,             0.00038683,             0.00038683
                    223,                0.40576,                0.30059,                0.92558,                 0.9976,                      1,                  0.995,                0.93477,                 0.3808,                0.19373,                0.97899,             0.00038211,             0.00038211,             0.00038211
                    224,                0.38205,                0.29358,                0.92701,                0.99722,                      1,                  0.995,                0.93485,                0.37171,                0.19239,                0.97473,              0.0003774,              0.0003774,              0.0003774
                    225,                0.36823,                0.30477,                0.91723,                0.99716,                      1,                  0.995,                0.94489,                0.35552,                0.20441,                0.94959,             0.00037268,             0.00037268,             0.00037268
                    226,                0.37014,                0.27059,                0.92901,                0.99512,                      1,                  0.995,                0.93502,                 0.3558,                0.20178,                0.94063,             0.00036797,             0.00036797,             0.00036797
                    227,                 0.3685,                 0.2791,                 0.9216,                0.99702,                0.99944,                  0.995,                 0.9455,                0.35391,                0.18725,                0.94332,             0.00036325,             0.00036325,             0.00036325
                    228,                 0.3688,                0.30424,                0.92803,                0.99638,                0.99984,                  0.995,                0.93757,                0.36599,                0.18834,                0.95324,             0.00035854,             0.00035854,             0.00035854
                    229,                 0.3561,                 0.2866,                0.91746,                0.99742,                      1,                  0.995,                0.93896,                0.36984,                0.20644,                0.95366,             0.00035382,             0.00035382,             0.00035382
                    230,                0.36816,                0.30382,                0.91906,                0.99828,                      1,                  0.995,                0.94013,                0.36143,                0.19674,                0.94247,              0.0003491,              0.0003491,              0.0003491
                    231,                 0.3728,                0.29389,                0.92776,                0.99772,                      1,                  0.995,                0.94324,                0.36068,                0.18641,                0.93986,             0.00034439,             0.00034439,             0.00034439
                    232,                0.37213,                0.28898,                0.92197,                0.99704,                      1,                  0.995,                0.94455,                 0.3653,                0.19293,                0.94416,             0.00033967,             0.00033967,             0.00033967
                    233,                0.36923,                0.29804,                0.91981,                0.99722,                      1,                  0.995,                0.94046,                0.38054,                0.19581,                0.96299,             0.00033496,             0.00033496,             0.00033496
                    234,                0.36985,                0.28526,                0.92136,                0.99771,                      1,                  0.995,                0.93805,                0.37622,                0.20738,                0.96482,             0.00033024,             0.00033024,             0.00033024
                    235,                0.35482,                0.27263,                0.91294,                0.99833,                      1,                  0.995,                0.94148,                0.36608,                0.19962,                0.96659,             0.00032553,             0.00032553,             0.00032553
                    236,                0.36059,                0.29996,                0.91786,                0.99803,                      1,                  0.995,                0.94329,                 0.3648,                  0.199,                0.95575,             0.00032081,             0.00032081,             0.00032081
                    237,                0.35904,                  0.278,                0.91671,                0.99771,                      1,                  0.995,                0.94772,                0.35978,                  0.202,                0.95132,             0.00031609,             0.00031609,             0.00031609
                    238,                0.36233,                0.29142,                 0.9171,                0.99792,                      1,                  0.995,                0.94868,                0.36162,                0.21056,                0.95223,             0.00031138,             0.00031138,             0.00031138
                    239,                0.36633,                0.29705,                0.91994,                0.99719,                      1,                  0.995,                0.93746,                0.37392,                0.20213,                0.96481,             0.00030666,             0.00030666,             0.00030666
                    240,                0.34946,                0.28671,                0.92353,                0.99734,                0.99987,                  0.995,                0.94035,                0.37907,                0.20459,                0.97743,             0.00030195,             0.00030195,             0.00030195
                    241,                0.35033,                0.26543,                0.91228,                0.99768,                0.99999,                  0.995,                0.93696,                0.37251,                0.19094,                0.96667,             0.00029723,             0.00029723,             0.00029723
                    242,                0.34513,                0.26937,                  0.897,                 0.9972,                 0.9997,                  0.995,                 0.9501,                 0.3619,                0.18797,                0.95145,             0.00029252,             0.00029252,             0.00029252
                    243,                0.34056,                0.27589,                0.91679,                0.99679,                0.99991,                  0.995,                0.92859,                0.36464,                0.18982,                0.96194,              0.0002878,              0.0002878,              0.0002878
                    244,                0.34905,                0.27974,                0.90684,                0.99654,                      1,                  0.995,                0.93585,                0.36968,                0.19388,                0.94973,             0.00028308,             0.00028308,             0.00028308
                    245,                0.34002,                0.28061,                0.91065,                0.99696,                      1,                  0.995,                0.93632,                0.35923,                0.19775,                0.94531,             0.00027837,             0.00027837,             0.00027837
                    246,                0.35868,                0.28828,                0.91709,                0.99738,                      1,                  0.995,                0.92404,                0.37491,                0.20048,                0.96148,             0.00027365,             0.00027365,             0.00027365
                    247,                0.34693,                0.26294,                0.91028,                0.99803,                      1,                  0.995,                 0.9224,                0.36885,                0.19905,                0.95495,             0.00026894,             0.00026894,             0.00026894
                    248,                0.34833,                0.28341,                0.91002,                0.99731,                      1,                  0.995,                 0.9284,                 0.3641,                0.19497,                0.94475,             0.00026422,             0.00026422,             0.00026422
                    249,                0.34217,                0.27282,                0.91568,                0.99689,                      1,                  0.995,                0.93815,                0.35919,                 0.1871,                 0.9484,             0.00025951,             0.00025951,             0.00025951
                    250,                0.33291,                 0.2623,                0.92101,                0.99719,                      1,                  0.995,                0.94339,                0.36041,                0.18754,                0.95044,             0.00025479,             0.00025479,             0.00025479
                    251,                0.34564,                0.26474,                0.91773,                0.99801,                      1,                  0.995,                0.93925,                0.35956,                0.18104,                0.95158,             0.00025007,             0.00025007,             0.00025007
                    252,                0.33709,                0.27617,                0.90445,                0.99804,                      1,                  0.995,                0.93322,                0.36693,                0.18708,                0.95975,             0.00024536,             0.00024536,             0.00024536
                    253,                0.35031,                 0.2785,                0.91201,                0.99728,                      1,                  0.995,                0.94725,                0.35879,                0.18599,                 0.9639,             0.00024064,             0.00024064,             0.00024064
                    254,                0.34052,                0.26181,                0.90635,                0.99661,                      1,                  0.995,                0.94555,                0.35274,                0.18325,                0.95909,             0.00023593,             0.00023593,             0.00023593
                    255,                0.33422,                0.29914,                0.91923,                0.99693,                      1,                  0.995,                0.94557,                0.35661,                0.17984,                0.95032,             0.00023121,             0.00023121,             0.00023121
                    256,                0.33288,                0.25882,                0.89889,                0.99777,                      1,                  0.995,                0.94393,                0.35342,                0.17869,                0.94836,              0.0002265,              0.0002265,              0.0002265
                    257,                0.32971,                0.26584,                0.90152,                0.99768,                      1,                  0.995,                0.95034,                0.35394,                0.18163,                0.94609,             0.00022178,             0.00022178,             0.00022178
                    258,                0.33743,                0.28156,                0.91526,                0.99743,                      1,                  0.995,                0.94521,                0.35618,                0.17837,                0.94153,             0.00021707,             0.00021707,             0.00021707
                    259,                0.34373,                0.27473,                0.91741,                0.99672,                0.99932,                  0.995,                0.94227,                0.35564,                0.18086,                0.94455,             0.00021235,             0.00021235,             0.00021235
                    260,                0.32635,                0.26776,                0.90057,                0.99605,                 0.9992,                  0.995,                0.95061,                0.34663,                0.17516,                0.94293,             0.00020763,             0.00020763,             0.00020763
                    261,                0.33239,                0.25795,                0.90511,                0.99653,                0.99951,                  0.995,                0.94921,                0.35096,                0.18564,                0.94607,             0.00020292,             0.00020292,             0.00020292
                    262,                0.35968,                0.29761,                0.92291,                0.99753,                 0.9999,                  0.995,                0.93938,                0.35223,                0.17853,                0.95338,              0.0001982,              0.0001982,              0.0001982
                    263,                0.32859,                0.27115,                0.90926,                0.99811,                      1,                  0.995,                0.94236,                0.35158,                0.17649,                0.95193,             0.00019349,             0.00019349,             0.00019349
                    264,                0.33884,                0.26134,                0.91732,                0.99739,                0.99933,                  0.995,                0.94349,                0.35418,                0.17777,                0.95514,             0.00018877,             0.00018877,             0.00018877
                    265,                0.33687,                0.26808,                0.90349,                0.99668,                 0.9991,                  0.995,                0.93956,                0.35464,                0.18254,                0.94992,             0.00018406,             0.00018406,             0.00018406
                    266,                0.32776,                0.26689,                0.91179,                0.99631,                0.99912,                  0.995,                0.94122,                0.35733,                0.17994,                0.94959,             0.00017934,             0.00017934,             0.00017934
                    267,                0.32936,                0.25413,                0.90296,                0.99654,                0.99911,                  0.995,                0.92782,                0.35681,                0.17634,                0.95061,             0.00017462,             0.00017462,             0.00017462
                    268,                 0.3357,                 0.2579,                 0.9163,                0.99682,                0.99935,                  0.995,                0.94228,                0.35506,                0.18265,                0.95719,             0.00016991,             0.00016991,             0.00016991
                    269,                0.32676,                0.25609,                0.90925,                0.99675,                0.99935,                  0.995,                  0.935,                0.35752,                0.17802,                0.96231,             0.00016519,             0.00016519,             0.00016519
                    270,                 0.3411,                  0.271,                0.91083,                0.99668,                0.99959,                  0.995,                0.94406,                0.34554,                0.17814,                0.95989,             0.00016048,             0.00016048,             0.00016048
                    271,                0.32274,                0.25598,                0.90404,                0.99704,                0.99975,                  0.995,                0.94311,                0.34974,                0.17888,                0.95847,             0.00015576,             0.00015576,             0.00015576
                    272,                0.33215,                0.26238,                0.91152,                0.99969,                      1,                  0.995,                0.93919,                  0.355,                0.17747,                0.95642,             0.00015105,             0.00015105,             0.00015105
                    273,                0.31854,                0.24969,                0.90066,                0.99968,                      1,                  0.995,                0.94489,                0.35282,                0.17483,                0.95469,             0.00014633,             0.00014633,             0.00014633
                    274,                0.32336,                0.26453,                0.89653,                0.99968,                      1,                  0.995,                0.93626,                0.35148,                0.17575,                0.95346,             0.00014161,             0.00014161,             0.00014161
                    275,                0.32349,                0.26045,                0.90168,                0.99969,                      1,                  0.995,                  0.936,                0.35201,                0.17631,                0.95546,              0.0001369,              0.0001369,              0.0001369
                    276,                0.31522,                0.25551,                0.89201,                0.99732,                      1,                  0.995,                0.94086,                0.35172,                0.17519,                0.96166,             0.00013218,             0.00013218,             0.00013218
                    277,                0.32447,                0.24465,                0.89876,                0.99751,                      1,                  0.995,                0.94632,                0.35124,                0.17967,                0.96201,             0.00012747,             0.00012747,             0.00012747
                    278,                 0.3121,                0.24758,                0.90697,                0.99757,                 0.9997,                  0.995,                0.93838,                0.35786,                0.17929,                0.96095,             0.00012275,             0.00012275,             0.00012275
                    279,                0.31586,                0.25417,                0.90495,                0.99732,                0.99966,                  0.995,                0.93858,                0.35919,                0.17421,                 0.9629,             0.00011804,             0.00011804,             0.00011804
                    280,                0.31218,                0.25456,                0.90479,                0.99737,                0.99984,                  0.995,                0.94285,                0.35764,                0.16918,                0.95898,             0.00011332,             0.00011332,             0.00011332
                    281,                0.30446,                 0.2421,                0.89595,                0.99757,                      1,                  0.995,                0.94683,                0.35479,                0.16854,                0.95598,              0.0001086,              0.0001086,              0.0001086
                    282,                0.31617,                0.25987,                0.89679,                0.99768,                      1,                  0.995,                0.94387,                0.35318,                0.17242,                0.95256,             0.00010389,             0.00010389,             0.00010389
                    283,                 0.3157,                0.25859,                0.89865,                0.99774,                      1,                  0.995,                0.94294,                0.34953,                0.17032,                0.94874,             9.9173e-05,             9.9173e-05,             9.9173e-05
                    284,                0.31729,                0.24574,                0.90981,                0.99769,                      1,                  0.995,                0.94594,                  0.347,                0.16938,                0.94725,             9.4457e-05,             9.4457e-05,             9.4457e-05
                    285,                0.30344,                0.24414,                0.89929,                0.99756,                      1,                  0.995,                0.94497,                0.34665,                0.16834,                0.94879,             8.9741e-05,             8.9741e-05,             8.9741e-05
                    286,                0.31052,                 0.2422,                 0.8977,                0.99967,                      1,                  0.995,                0.94617,                0.34414,                0.16668,                0.95138,             8.5026e-05,             8.5026e-05,             8.5026e-05
                    287,                0.31072,                0.23997,                0.90013,                0.99966,                      1,                  0.995,                0.94753,                0.34808,                 0.1731,                0.95686,              8.031e-05,              8.031e-05,              8.031e-05
                    288,                0.30329,                0.23602,                0.89681,                0.99964,                      1,                  0.995,                0.94943,                  0.352,                 0.1752,                0.96159,             7.5594e-05,             7.5594e-05,             7.5594e-05
                    289,                0.32224,                0.25092,                0.91525,                0.99963,                      1,                  0.995,                0.94772,                0.35211,                0.17429,                0.96348,             7.0878e-05,             7.0878e-05,             7.0878e-05
                    290,                0.31246,                0.25339,                 0.8993,                0.99744,                      1,                  0.995,                0.94464,                0.35358,                0.17686,                0.96515,             6.6163e-05,             6.6163e-05,             6.6163e-05
                    291,                0.26006,                0.18781,                0.84949,                0.99758,                      1,                  0.995,                0.93929,                0.35573,                0.18414,                0.96424,             6.1447e-05,             6.1447e-05,             6.1447e-05
                    292,                0.26013,                0.17018,                0.84456,                0.99762,                      1,                  0.995,                0.93798,                0.35182,                0.18276,                0.95455,             5.6731e-05,             5.6731e-05,             5.6731e-05
                    293,                0.25516,                0.16693,                0.84789,                 0.9977,                      1,                  0.995,                0.93598,                 0.3515,                0.18115,                0.95035,             5.2016e-05,             5.2016e-05,             5.2016e-05
                    294,                0.24068,                0.15245,                0.84173,                0.99781,                      1,                  0.995,                0.93981,                0.35231,                 0.1761,                 0.9486,               4.73e-05,               4.73e-05,               4.73e-05
                    295,                 0.2529,                0.16037,                 0.8408,                0.99787,                      1,                  0.995,                0.93703,                0.35402,                0.17561,                0.94792,             4.2584e-05,             4.2584e-05,             4.2584e-05
                    296,                0.24751,                0.16227,                0.84484,                0.99792,                      1,                  0.995,                0.93428,                0.35281,                0.17643,                0.94823,             3.7869e-05,             3.7869e-05,             3.7869e-05
                    297,                0.24843,                0.16224,                0.84748,                0.99796,                      1,                  0.995,                0.93523,                0.35417,                0.17715,                0.94811,             3.3153e-05,             3.3153e-05,             3.3153e-05
                    298,                0.25684,                0.16499,                0.84722,                0.99787,                      1,                  0.995,                0.93356,                0.35528,                0.17496,                0.94904,             2.8437e-05,             2.8437e-05,             2.8437e-05
                    299,                0.24192,                0.16128,                0.83735,                0.99782,                      1,                  0.995,                0.93378,                0.35549,                0.17942,                 0.9514,             2.3721e-05,             2.3721e-05,             2.3721e-05
                    300,                0.25489,                0.15932,                0.85694,                0.99784,                      1,                  0.995,                0.93408,                0.35292,                0.17651,                0.95002,             1.9006e-05,             1.9006e-05,             1.9006e-05
