                  epoch,         train/box_loss,         train/cls_loss,         train/dfl_loss,   metrics/precision(B),      metrics/recall(B),       metrics/mAP50(B),    metrics/mAP50-95(B),           val/box_loss,           val/cls_loss,           val/dfl_loss,                 lr/pg0,                 lr/pg1,                 lr/pg2
                      1,                  1.137,                 2.3239,                 1.3737,                 0.6559,                0.74045,                0.73016,                0.49369,                0.72516,                 2.2614,                 1.1362,             0.00040012,             0.00040012,             0.00040012
                      2,                0.96475,                 1.3409,                 1.2356,                0.62977,                0.76029,                0.68256,                0.46224,                0.98191,                 1.8956,                 1.5365,             0.00081251,             0.00081251,             0.00081251
                      3,                 1.0052,                 1.1531,                 1.2565,                0.29508,                0.38971,                0.33257,                0.20055,                 1.1921,                 2.6916,                 1.7361,              0.0012229,              0.0012229,              0.0012229
                      4,                 1.0625,                 1.1493,                 1.3434,                0.06577,                0.10294,                0.04849,                 0.0135,                 2.2756,                  5.395,                 2.3061,              0.0014184,              0.0014184,              0.0014184
                      5,                 1.0154,                 1.0585,                 1.2699,                0.57454,                0.68852,                0.61054,                 0.3261,                 1.4494,                 1.5228,                 1.5546,              0.0014149,              0.0014149,              0.0014149
                      6,                 1.0145,                 1.0566,                 1.2674,                0.88208,                0.89445,                0.91548,                0.66751,                0.85568,                 1.4312,                 1.2143,              0.0014113,              0.0014113,              0.0014113
                      7,                0.94493,                0.93844,                 1.2229,                 0.5832,                    0.7,                0.72196,                0.57168,                0.71667,                 1.2576,                 1.2523,              0.0014078,              0.0014078,              0.0014078
                      8,                0.91253,                0.92513,                 1.1989,                0.84618,                0.81912,                0.88759,                0.68907,                0.70797,                0.76956,                 1.3023,              0.0014042,              0.0014042,              0.0014042
                      9,                0.91027,                0.94285,                 1.2118,                0.87029,                  0.875,                0.90982,                 0.7125,                0.68385,                0.71204,                 1.1387,              0.0014007,              0.0014007,              0.0014007
                     10,                0.90032,                0.89296,                 1.1921,                0.91418,                0.68088,                0.86053,                0.55923,                0.96067,                 1.0042,                 1.2097,              0.0013972,              0.0013972,              0.0013972
                     11,                0.83037,                0.85256,                  1.147,                0.93804,                0.85366,                0.92926,                 0.7189,                0.76175,                0.71128,                 1.1756,              0.0013936,              0.0013936,              0.0013936
                     12,                0.83759,                0.84681,                 1.1915,                0.93517,                0.91931,                0.97117,                0.80624,                0.57188,                0.60298,                 1.0595,              0.0013901,              0.0013901,              0.0013901
                     13,                0.83254,                0.80642,                  1.152,                0.87419,                0.82959,                0.91821,                0.77776,                0.59411,                0.68704,                 1.0671,              0.0013866,              0.0013866,              0.0013866
                     14,                0.83401,                0.79998,                 1.1625,                0.94367,                0.91241,                0.94797,                0.77731,                0.58219,                 0.5677,                 1.0641,               0.001383,               0.001383,               0.001383
                     15,                0.78832,                0.78821,                 1.1567,                0.89748,                0.82591,                0.91174,                0.50962,                 1.2951,                0.90867,                 1.5153,              0.0013795,              0.0013795,              0.0013795
                     16,                0.81355,                0.74753,                 1.1586,                0.74638,                0.84029,                0.84667,                0.67745,                 0.6777,                0.74592,                 1.1473,              0.0013759,              0.0013759,              0.0013759
                     17,                 0.8135,                0.77459,                 1.1513,                0.94555,                0.94347,                0.96121,                0.78038,                0.62238,                0.53338,                 1.0537,              0.0013724,              0.0013724,              0.0013724
                     18,                0.80678,                0.74323,                 1.1397,                0.93155,                0.81912,                0.93641,                 0.7895,                0.63711,                0.68408,                 1.0565,              0.0013689,              0.0013689,              0.0013689
                     19,                0.80188,                 0.7395,                 1.1278,                0.82093,                0.90339,                0.95237,                0.79884,                0.57867,                0.71503,                 1.0757,              0.0013653,              0.0013653,              0.0013653
                     20,                0.74112,                 0.7101,                 1.1041,                0.87888,                0.94983,                0.93557,                0.80211,                0.56421,                0.57117,                 1.1141,              0.0013618,              0.0013618,              0.0013618
                     21,                0.79836,                0.69213,                 1.1381,                0.94021,                0.96234,                0.96959,                0.83021,                0.56149,                0.45041,                 1.0459,              0.0013583,              0.0013583,              0.0013583
                     22,                0.76113,                0.69019,                 1.1099,                0.96258,                0.94302,                0.96379,                0.53653,                 1.2717,                0.70807,                 1.3682,              0.0013547,              0.0013547,              0.0013547
                     23,                0.77155,                0.70607,                 1.1065,                0.96159,                0.96776,                0.98876,                 0.6115,                 1.1089,                0.58909,                 1.3202,              0.0013512,              0.0013512,              0.0013512
                     24,                0.75333,                0.70174,                 1.1023,                0.77786,                0.68221,                0.92254,                 0.7659,                0.68038,                 1.5783,                 1.1229,              0.0013477,              0.0013477,              0.0013477
                     25,                0.73547,                0.67572,                 1.1055,                 0.9135,                0.78244,                0.87982,                0.54259,                 1.3175,                0.80945,                 1.4045,              0.0013441,              0.0013441,              0.0013441
                     26,                0.75325,                0.65627,                 1.1027,                0.98938,                  0.975,                0.96771,                0.81304,                0.53782,                0.40362,                 1.0094,              0.0013406,              0.0013406,              0.0013406
                     27,                 0.7406,                 0.6753,                 1.0876,                0.95318,                0.93114,                0.95268,                0.82806,                0.52476,                 0.4367,                 1.0013,               0.001337,               0.001337,               0.001337
                     28,                0.72836,                0.64094,                 1.1037,                0.91077,                0.98648,                0.98281,                0.87263,                0.47127,                0.39974,                 0.9773,              0.0013335,              0.0013335,              0.0013335
                     29,                0.72685,                0.65972,                 1.1009,                0.97739,                  0.925,                0.97717,                0.84459,                0.52716,                0.39798,                 1.0213,                0.00133,                0.00133,                0.00133
                     30,                0.69665,                0.69123,                   1.08,                0.92018,                  0.975,                0.98448,                0.83582,                0.50577,                0.41773,                 1.0115,              0.0013264,              0.0013264,              0.0013264
                     31,                0.72682,                0.64865,                 1.1026,                0.91665,                0.94488,                0.92568,                0.81002,                0.49089,                0.42098,                0.99535,              0.0013229,              0.0013229,              0.0013229
                     32,                0.71887,                0.64329,                 1.1135,                0.87883,                0.88584,                0.94984,                 0.7715,                0.71068,                0.59971,                 1.1466,              0.0013194,              0.0013194,              0.0013194
                     33,                0.72149,                0.60401,                 1.0949,                0.94372,                0.96032,                0.96959,                0.83635,                0.47951,                0.39206,                 1.0082,              0.0013158,              0.0013158,              0.0013158
                     34,                0.68156,                0.60349,                 1.0746,                0.88402,                  0.875,                0.97645,                0.84467,                0.54613,                0.52898,                 1.0205,              0.0013123,              0.0013123,              0.0013123
                     35,                0.69941,                0.61825,                 1.0801,                0.94207,                0.96128,                0.96585,                0.81918,                0.56676,                 0.4421,                 1.0448,              0.0013087,              0.0013087,              0.0013087
                     36,                0.69636,                0.61298,                 1.0942,                0.98981,                0.96438,                0.98383,                0.86291,                0.55397,                0.36191,                 1.0783,              0.0013052,              0.0013052,              0.0013052
                     37,                0.69329,                 0.6049,                  1.083,                 0.9817,                0.97228,                0.97552,                0.83296,                0.49318,                0.36516,                0.99969,              0.0013017,              0.0013017,              0.0013017
                     38,                0.68513,                0.61901,                 1.0739,                0.96717,                0.99296,                0.99311,                 0.8661,                0.47598,                0.34281,                0.97702,              0.0012981,              0.0012981,              0.0012981
                     39,                 0.6739,                0.57262,                 1.0509,                   0.99,                0.97448,                0.98486,                0.87233,                0.49245,                0.34498,                 1.0041,              0.0012946,              0.0012946,              0.0012946
                     40,                0.67206,                0.58276,                 1.0497,                0.99059,                  0.975,                0.97611,                0.83638,                0.52357,                0.34773,                 1.0052,              0.0012911,              0.0012911,              0.0012911
                     41,                0.67287,                0.59326,                  1.057,                0.93593,                0.94996,                0.98512,                0.86869,                0.46695,                 0.3902,                0.98608,              0.0012875,              0.0012875,              0.0012875
                     42,                0.68381,                0.58207,                  1.063,                0.97874,                0.96482,                0.97724,                0.82786,                0.53962,                0.37078,                 1.0248,               0.001284,               0.001284,               0.001284
                     43,                0.65951,                0.57897,                 1.0692,                0.99608,                0.96473,                0.99177,                0.87313,                0.52973,                0.34972,                 1.0653,              0.0012805,              0.0012805,              0.0012805
                     44,                0.69288,                0.61011,                 1.0892,                0.94967,                0.94412,                0.96074,                 0.8229,                0.49798,                0.45731,                 1.0238,              0.0012769,              0.0012769,              0.0012769
                     45,                0.66451,                0.62407,                 1.0623,                0.90598,                0.96413,                0.96648,                0.86293,                0.47401,                0.43827,                 1.0157,              0.0012734,              0.0012734,              0.0012734
                     46,                0.65029,                0.61841,                 1.0956,                0.93996,                0.95697,                0.97966,                0.86579,                0.49071,                0.38137,                 1.0529,              0.0012698,              0.0012698,              0.0012698
                     47,                0.65842,                0.60932,                  1.062,                0.94026,                0.92083,                0.96351,                0.84603,                0.48292,                0.41202,                0.98213,              0.0012663,              0.0012663,              0.0012663
                     48,                0.69695,                0.56673,                 1.0817,                      1,                0.95042,                0.99478,                0.86731,                0.46984,                0.34137,                0.99502,              0.0012628,              0.0012628,              0.0012628
                     49,                0.66278,                0.59178,                 1.0702,                0.97679,                0.96986,                0.99066,                0.88735,                0.46841,                0.35923,                 0.9869,              0.0012592,              0.0012592,              0.0012592
                     50,                  0.663,                0.57502,                 1.0595,                   0.93,                0.95777,                0.96043,                0.86501,                0.47205,                0.39147,                0.98719,              0.0012557,              0.0012557,              0.0012557
                     51,                0.66151,                0.56313,                 1.0601,                 0.9561,                0.95368,                 0.9737,                0.86277,                0.51206,                0.39445,                 1.0403,              0.0012522,              0.0012522,              0.0012522
                     52,                 0.6717,                0.59012,                 1.0487,                0.95346,                 0.9654,                0.98551,                0.87379,                0.48214,                 0.3753,                  1.015,              0.0012486,              0.0012486,              0.0012486
                     53,                0.65956,                0.58752,                 1.0671,                0.90627,                0.96324,                0.96767,                0.86086,                0.50701,                0.40714,                 1.0381,              0.0012451,              0.0012451,              0.0012451
                     54,                0.64004,                0.53753,                 1.0383,                0.98669,                0.97358,                0.97381,                0.86218,                0.51967,                0.33927,                 1.0269,              0.0012416,              0.0012416,              0.0012416
                     55,                0.65799,                0.54935,                 1.0509,                0.90296,                0.94875,                0.96663,                0.83608,                0.49579,                0.37406,                 1.0212,               0.001238,               0.001238,               0.001238
                     56,                0.63654,                0.54713,                 1.0403,                0.96388,                0.98812,                0.99381,                0.89224,                0.47336,                0.32093,                0.99733,              0.0012345,              0.0012345,              0.0012345
                     57,                0.61823,                 0.5326,                  1.044,                0.98164,                0.95748,                0.98805,                0.90227,                 0.4701,                  0.318,                 1.0078,              0.0012309,              0.0012309,              0.0012309
                     58,                0.61537,                0.54142,                 1.0555,                 0.9887,                  0.975,                0.96735,                0.86306,                0.46823,                0.32195,                0.98513,              0.0012274,              0.0012274,              0.0012274
                     59,                0.61316,                 0.5254,                 1.0439,                0.99129,                0.96661,                0.98727,                 0.8716,                0.46634,                0.33693,                0.97685,              0.0012239,              0.0012239,              0.0012239
                     60,                0.61943,                0.52972,                 1.0402,                0.99088,                0.99412,                0.99447,                0.88981,                0.44983,                  0.319,                0.96401,              0.0012203,              0.0012203,              0.0012203
                     61,                0.59747,                0.52098,                 1.0297,                0.99627,                0.98606,                  0.995,                0.87632,                0.47867,                0.30093,                 1.0121,              0.0012168,              0.0012168,              0.0012168
                     62,                0.61712,                0.50584,                  1.036,                0.95017,                0.97434,                0.99119,                0.89449,                0.44313,                0.30648,                0.97145,              0.0012133,              0.0012133,              0.0012133
                     63,                0.62496,                0.52023,                 1.0445,                0.97805,                0.98927,                0.99431,                0.89271,                0.48028,                 0.3207,                0.99556,              0.0012097,              0.0012097,              0.0012097
                     64,                0.61504,                0.59452,                 1.0409,                0.95557,                0.99368,                0.99341,                 0.8727,                0.50776,                0.32144,                 1.0198,              0.0012062,              0.0012062,              0.0012062
                     65,                0.63658,                0.54827,                 1.0421,                0.94809,                0.99184,                0.99034,                0.86734,                 0.4755,                0.33421,                0.98299,              0.0012026,              0.0012026,              0.0012026
                     66,                0.62505,                 0.5437,                 1.0537,                0.98598,                0.97259,                0.97176,                0.84781,                0.48076,                 0.3615,                0.99285,              0.0011991,              0.0011991,              0.0011991
                     67,                0.60139,                0.53165,                 1.0167,                0.99147,                0.97107,                0.99168,                0.86951,                0.48197,                0.32613,                 1.0045,              0.0011956,              0.0011956,              0.0011956
                     68,                0.63578,                0.52776,                  1.054,                0.98114,                  0.975,                0.98463,                0.84881,                0.49358,                0.33782,                 1.0067,               0.001192,               0.001192,               0.001192
                     69,                0.61778,                0.61724,                 1.0439,                0.93974,                0.96195,                0.99146,                0.88077,                0.46291,                0.35976,                0.99792,              0.0011885,              0.0011885,              0.0011885
                     70,                0.61516,                0.53753,                 1.0376,                0.96153,                0.95735,                0.97138,                0.88161,                0.42989,                0.33003,                0.95797,               0.001185,               0.001185,               0.001185
                     71,                0.61399,                0.51507,                 1.0342,                0.99093,                0.97046,                0.98745,                0.89139,                0.44603,                0.27875,                0.96213,              0.0011814,              0.0011814,              0.0011814
                     72,                0.63314,                0.48995,                 1.0318,                0.99055,                0.96198,                0.97473,                0.85399,                0.48638,                0.32817,                 1.0175,              0.0011779,              0.0011779,              0.0011779
                     73,                0.61755,                0.50677,                 1.0335,                0.96554,                0.94249,                0.97454,                0.86958,                0.46084,                0.33589,                0.99917,              0.0011744,              0.0011744,              0.0011744
                     74,                0.59795,                 0.5024,                 1.0343,                0.99224,                 0.9857,                0.99494,                0.89774,                0.43059,                 0.2844,                0.98138,              0.0011708,              0.0011708,              0.0011708
                     75,                0.56144,                0.47658,                 1.0146,                0.99061,                0.97356,                 0.9816,                 0.8643,                0.45625,                0.30748,                0.98569,              0.0011673,              0.0011673,              0.0011673
                     76,                 0.6126,                0.51596,                 1.0322,                0.98227,                0.97305,                0.98646,                0.88401,                0.44925,                0.29546,                0.96077,              0.0011637,              0.0011637,              0.0011637
                     77,                0.57821,                0.51061,                 1.0205,                0.98335,                 0.9561,                0.99232,                0.88898,                0.46062,                0.30085,                0.97227,              0.0011602,              0.0011602,              0.0011602
                     78,                0.57098,                0.46305,                  1.022,                0.98432,                0.96748,                0.97103,                0.87799,                0.45163,                0.31644,                0.98271,              0.0011567,              0.0011567,              0.0011567
                     79,                0.57623,                0.47966,                 1.0106,                0.98756,                0.96607,                 0.9777,                0.89194,                0.42134,                0.30773,                0.94332,              0.0011531,              0.0011531,              0.0011531
                     80,                0.60062,                0.49748,                  1.032,                0.98881,                  0.975,                0.98565,                0.87083,                0.46356,                0.28671,                0.99685,              0.0011496,              0.0011496,              0.0011496
                     81,                0.56247,                0.48792,                 1.0153,                0.98155,                   0.95,                0.97507,                0.87484,                0.48414,                 0.3176,                0.97899,              0.0011461,              0.0011461,              0.0011461
                     82,                0.60484,                0.52113,                   1.02,                0.98656,                0.97252,                0.97845,                0.88121,                0.47824,                0.31571,                   0.99,              0.0011425,              0.0011425,              0.0011425
                     83,                0.61379,                  0.493,                 1.0336,                0.97808,                0.99804,                0.99488,                0.88428,                 0.4703,                0.28559,                 1.0113,               0.001139,               0.001139,               0.001139
                     84,                0.61042,                0.48946,                 1.0363,                0.99183,                  0.975,                0.98884,                0.90155,                0.43255,                0.29716,                 0.9553,              0.0011354,              0.0011354,              0.0011354
                     85,                0.57253,                0.49083,                 1.0161,                0.87305,                0.90937,                0.99215,                0.88262,                0.45928,                0.40625,                 1.0102,              0.0011319,              0.0011319,              0.0011319
                     86,                0.56202,                0.48385,                 1.0047,                0.98707,                0.94559,                0.99139,                0.86748,                 0.4768,                0.30514,                0.97802,              0.0011284,              0.0011284,              0.0011284
                     87,                 0.5615,                0.45678,                 1.0092,                0.98694,                0.95813,                 0.9914,                0.89423,                0.43083,                0.29611,                0.96027,              0.0011248,              0.0011248,              0.0011248
                     88,                0.56067,                  0.501,                 1.0126,                0.98179,                0.99949,                  0.995,                0.90663,                 0.4151,                 0.2787,                0.94548,              0.0011213,              0.0011213,              0.0011213
                     89,                0.54836,                0.45218,                 1.0027,                0.98487,                0.94789,                0.98918,                0.89142,                0.46905,                0.33875,                0.95868,              0.0011178,              0.0011178,              0.0011178
                     90,                0.56033,                0.47588,                 1.0166,                0.98583,                0.96324,                0.99227,                0.90455,                0.45668,                0.31678,                0.98304,              0.0011142,              0.0011142,              0.0011142
                     91,                0.58828,                0.49282,                 1.0117,                0.92115,                0.98573,                0.96913,                0.86961,                 0.4118,                0.37837,                0.94479,              0.0011107,              0.0011107,              0.0011107
                     92,                0.58898,                0.47231,                 1.0305,                0.99328,                      1,                0.99494,                0.88657,                0.47192,                0.27155,                0.96711,              0.0011072,              0.0011072,              0.0011072
                     93,                0.53342,                 0.5111,                 1.0079,                0.96687,                0.99802,                0.99364,                0.90749,                0.41639,                0.27088,                0.95714,              0.0011036,              0.0011036,              0.0011036
                     94,                 0.6031,                0.50156,                 1.0273,                0.99193,                0.99826,                0.99419,                0.87605,                0.47348,                0.28545,                0.99961,              0.0011001,              0.0011001,              0.0011001
                     95,                0.57263,                0.49202,                 1.0107,                0.99456,                0.98529,                0.99477,                0.88739,                0.47404,                0.27492,                  1.028,              0.0010965,              0.0010965,              0.0010965
                     96,                 0.5833,                0.45083,                 1.0188,                0.99624,                0.98633,                  0.995,                0.87791,                0.46256,                0.27334,                0.99933,               0.001093,               0.001093,               0.001093
                     97,                0.55352,                0.47347,                0.99842,                 0.9823,                      1,                0.99453,                0.88364,                0.44954,                0.29634,                0.98225,              0.0010895,              0.0010895,              0.0010895
                     98,                0.57921,                 0.4654,                 1.0153,                0.97951,                0.96718,                0.99267,                0.91494,                0.42405,                0.28173,                0.96468,              0.0010859,              0.0010859,              0.0010859
                     99,                0.55118,                0.44591,                0.99056,                0.98509,                0.97852,                0.99489,                0.89032,                0.46761,                0.30094,                 1.0033,              0.0010824,              0.0010824,              0.0010824
                    100,                0.54555,                0.42946,                 1.0036,                0.99687,                0.99412,                0.99494,                0.90438,                0.40731,                0.25789,                0.96252,              0.0010789,              0.0010789,              0.0010789
                    101,                0.55592,                0.44326,                 1.0031,                0.99361,                      1,                  0.995,                0.88953,                0.46263,                0.29026,                 1.0194,              0.0010753,              0.0010753,              0.0010753
                    102,                0.53546,                 0.4246,                 1.0131,                0.95192,                0.98824,                0.98148,                0.88747,                0.44411,                0.31076,                0.99235,              0.0010718,              0.0010718,              0.0010718
                    103,                0.54442,                0.48293,                 1.0144,                0.99429,                0.98334,                0.99489,                0.89324,                0.47217,                0.28269,                 1.0214,              0.0010682,              0.0010682,              0.0010682
                    104,                0.55178,                0.46449,                0.99924,                0.98446,                0.95457,                0.97193,                0.86078,                0.45521,                0.33209,                 1.0062,              0.0010647,              0.0010647,              0.0010647
                    105,                0.54761,                 0.4616,                 1.0159,                0.97033,                0.91553,                0.99396,                 0.8677,                0.46757,                 0.3623,                 1.0443,              0.0010612,              0.0010612,              0.0010612
                    106,                0.55868,                0.48012,                 1.0083,                0.99237,                 0.9964,                0.99494,                 0.8805,                0.44774,                0.29495,                 1.0106,              0.0010576,              0.0010576,              0.0010576
                    107,                0.53905,                0.46481,                0.99588,                 0.9921,                0.99954,                  0.995,                0.90455,                0.44366,                0.27705,                0.98023,              0.0010541,              0.0010541,              0.0010541
                    108,                0.54918,                0.48169,                 1.0114,                0.99526,                      1,                  0.995,                0.89544,                0.43976,                0.28325,                0.99948,              0.0010506,              0.0010506,              0.0010506
                    109,                0.52434,                 0.4264,                0.99639,                0.98401,                0.96324,                0.98498,                0.86919,                0.46209,                0.30241,                 1.0027,               0.001047,               0.001047,               0.001047
                    110,                0.57034,                0.51068,                  1.024,                0.95082,                0.94341,                0.99151,                0.89335,                0.42804,                0.29551,                0.98196,              0.0010435,              0.0010435,              0.0010435
                    111,                0.55685,                0.44724,                 1.0178,                0.97534,                0.94839,                0.97698,                0.87278,                0.45659,                0.33707,                 0.9741,                0.00104,                0.00104,                0.00104
                    112,                0.53198,                0.42228,                0.99625,                0.98503,                0.97486,                0.97434,                0.88273,                0.44201,                0.31924,                0.96924,              0.0010364,              0.0010364,              0.0010364
                    113,                0.53653,                 0.4134,                 1.0012,                0.98932,                0.97497,                0.98047,                0.88941,                0.44313,                0.29773,                0.97275,              0.0010329,              0.0010329,              0.0010329
                    114,                0.54892,                0.44253,                 1.0046,                0.98065,                0.96912,                0.99215,                0.89313,                0.42476,                0.27971,                0.97427,              0.0010293,              0.0010293,              0.0010293
                    115,                0.54712,                0.42747,                0.98868,                0.94084,                0.99049,                0.99001,                0.88706,                0.46961,                0.31188,                0.97987,              0.0010258,              0.0010258,              0.0010258
                    116,                0.52247,                0.43236,                0.98478,                0.98342,                0.96573,                 0.9835,                0.90249,                0.42405,                0.29602,                0.93559,              0.0010223,              0.0010223,              0.0010223
                    117,                0.55658,                0.42888,                 1.0108,                0.93833,                0.96221,                0.96881,                0.87318,                0.41546,                0.32811,                0.95288,              0.0010187,              0.0010187,              0.0010187
                    118,                0.51346,                0.45027,                 0.9997,                0.99159,                 0.9896,                0.99494,                0.89912,                0.40566,                0.25306,                0.95132,              0.0010152,              0.0010152,              0.0010152
                    119,                0.54316,                0.42587,                0.99764,                0.99367,                0.98954,                0.99494,                0.90151,                0.42495,                0.27229,                0.96705,              0.0010117,              0.0010117,              0.0010117
                    120,                0.52651,                0.42459,                0.98096,                0.99561,                      1,                  0.995,                0.89021,                0.48165,                0.27982,                 1.0365,              0.0010081,              0.0010081,              0.0010081
                    121,                  0.522,                0.41926,                0.98197,                0.99015,                  0.974,                 0.9792,                0.89516,                0.40297,                0.27816,                0.95685,              0.0010046,              0.0010046,              0.0010046
                    122,                0.52759,                 0.4323,                0.99452,                      1,                0.97524,                  0.995,                0.90075,                0.43203,                 0.2771,                0.93813,              0.0010011,              0.0010011,              0.0010011
                    123,                0.52147,                0.42473,                0.99438,                0.99902,                0.95405,                0.99156,                 0.9062,                0.42057,                0.27702,                0.96324,             0.00099751,             0.00099751,             0.00099751
                    124,                0.50474,                0.42237,                0.98076,                0.98506,                0.96704,                0.98504,                0.91346,                0.41327,                0.26363,                 0.9607,             0.00099398,             0.00099398,             0.00099398
                    125,                0.52075,                0.42969,                0.98683,                0.99291,                0.96324,                0.99347,                0.89745,                0.40841,                0.27081,                 0.9203,             0.00099044,             0.00099044,             0.00099044
                    126,                 0.5347,                0.41652,                0.98519,                0.97531,                0.96386,                0.99331,                0.89733,                0.41482,                0.27964,                0.93429,              0.0009869,              0.0009869,              0.0009869
                    127,                0.55463,                0.44665,                0.99118,                0.99253,                0.98338,                0.99477,                0.90487,                0.39546,                0.25807,                0.92953,             0.00098337,             0.00098337,             0.00098337
                    128,                0.53318,                0.44451,                 1.0061,                0.98508,                0.98297,                  0.995,                0.89789,                0.41983,                0.27794,                0.94497,             0.00097983,             0.00097983,             0.00097983
                    129,                0.50426,                0.40079,                0.99689,                0.99447,                0.99398,                  0.995,                0.90265,                0.40155,                0.25691,                0.93748,             0.00097629,             0.00097629,             0.00097629
                    130,                0.51195,                0.42046,                0.98633,                0.99107,                  0.975,                0.99381,                0.89886,                0.42805,                0.27227,                0.96877,             0.00097276,             0.00097276,             0.00097276
                    131,                0.53733,                0.40748,                0.98895,                0.98414,                0.97086,                0.97185,                0.88358,                0.45664,                0.30967,                0.98782,             0.00096922,             0.00096922,             0.00096922
                    132,                0.53855,                0.44058,                0.99264,                 0.9849,                      1,                0.99447,                0.90384,                0.44098,                 0.2615,                0.98848,             0.00096568,             0.00096568,             0.00096568
                    133,                0.51008,                0.41501,                0.99233,                0.98564,                  0.975,                0.99162,                0.90656,                0.43612,                0.26201,                 0.9681,             0.00096215,             0.00096215,             0.00096215
                    134,                0.51227,                0.40447,                0.98198,                0.98914,                0.97358,                0.98774,                 0.8797,                0.48359,                0.28097,                0.98794,             0.00095861,             0.00095861,             0.00095861
                    135,                0.51547,                0.41552,                0.98171,                0.99584,                0.99806,                  0.995,                0.90013,                0.43382,                 0.2471,                0.96892,             0.00095507,             0.00095507,             0.00095507
                    136,                0.49747,                0.43137,                0.98071,                0.97652,                0.95085,                0.97643,                0.89432,                0.42075,                 0.3004,                 0.9602,             0.00095154,             0.00095154,             0.00095154
                    137,                0.50669,                0.40232,                0.98478,                0.98634,                 0.9636,                 0.9811,                0.89008,                0.43047,                0.26899,                 0.9763,               0.000948,               0.000948,               0.000948
                    138,                0.51454,                0.39966,                0.98458,                0.99189,                0.96969,                0.99375,                0.90945,                0.40724,                0.24996,                0.94044,             0.00094446,             0.00094446,             0.00094446
                    139,                 0.4901,                0.39166,                 0.9704,                0.98885,                0.97395,                0.99261,                0.91203,                0.40198,                 0.2464,                0.92624,             0.00094093,             0.00094093,             0.00094093
                    140,                0.50666,                0.41088,                0.98809,                  0.992,                0.97334,                0.99133,                0.90935,                0.42784,                0.25717,                0.93913,             0.00093739,             0.00093739,             0.00093739
                    141,                0.49617,                0.38497,                0.98695,                0.98807,                0.96662,                0.99043,                0.90462,                0.42957,                0.25905,                0.95651,             0.00093385,             0.00093385,             0.00093385
                    142,                0.50323,                0.41062,                0.99218,                0.96418,                0.96053,                0.98294,                0.90451,                0.41498,                 0.2743,                 0.9528,             0.00093031,             0.00093031,             0.00093031
                    143,                0.52052,                0.38854,                0.97569,                0.97824,                0.97647,                0.99449,                0.92478,                0.36912,                0.25168,                0.91367,             0.00092678,             0.00092678,             0.00092678
                    144,                0.50613,                0.40433,                0.98262,                0.98417,                0.97012,                 0.9934,                0.92416,                0.38598,                 0.2482,                0.94221,             0.00092324,             0.00092324,             0.00092324
                    145,                0.52603,                0.41892,                0.98229,                 0.9865,                  0.975,                0.99369,                 0.9173,                0.41389,                 0.2746,                   0.96,              0.0009197,              0.0009197,              0.0009197
                    146,                0.48838,                0.40342,                0.97755,                0.99621,                      1,                  0.995,                0.90949,                0.40945,                0.24205,                 0.9307,             0.00091617,             0.00091617,             0.00091617
                    147,                0.48585,                0.39931,                 0.9788,                 0.9899,                0.98858,                0.99494,                0.91596,                0.40135,                0.24468,                0.94721,             0.00091263,             0.00091263,             0.00091263
                    148,                0.49936,                0.40493,                0.99027,                0.99814,                0.99973,                  0.995,                0.91183,                0.41478,                0.25158,                0.96183,             0.00090909,             0.00090909,             0.00090909
                    149,                0.53111,                0.41556,                0.98787,                0.99444,                      1,                  0.995,                0.90665,                0.41798,                0.26252,                0.95742,             0.00090556,             0.00090556,             0.00090556
                    150,                0.49854,                0.38912,                0.96765,                0.98207,                0.99879,                  0.995,                0.91144,                0.40575,                0.24793,                0.95176,             0.00090202,             0.00090202,             0.00090202
                    151,                  0.483,                0.38855,                0.97895,                0.99749,                      1,                  0.995,                0.91245,                0.40214,                0.22837,                0.95251,             0.00089848,             0.00089848,             0.00089848
                    152,                0.49228,                0.37798,                0.96228,                0.97214,                0.99412,                0.99343,                0.89399,                0.41248,                0.27598,                0.96055,             0.00089495,             0.00089495,             0.00089495
                    153,                0.50053,                0.38349,                0.98792,                0.97031,                0.98624,                0.99294,                0.90631,                0.39713,                0.28967,                0.95002,             0.00089141,             0.00089141,             0.00089141
                    154,                0.49432,                0.38715,                0.97748,                0.98184,                0.96912,                0.98794,                 0.9126,                0.40454,                0.27063,                0.97255,             0.00088787,             0.00088787,             0.00088787
                    155,                0.49997,                0.40085,                0.97409,                0.99625,                      1,                  0.995,                0.92124,                0.40117,                0.22842,                0.95379,             0.00088434,             0.00088434,             0.00088434
                    156,                0.50035,                0.39924,                0.98653,                0.99457,                0.99513,                  0.995,                0.91567,                 0.4036,                0.23421,                0.95498,              0.0008808,              0.0008808,              0.0008808
                    157,                0.46722,                0.38005,                0.96033,                0.99649,                      1,                  0.995,                 0.9091,                0.40664,                 0.2339,                0.94253,             0.00087726,             0.00087726,             0.00087726
                    158,                0.48583,                0.39995,                0.96823,                0.97859,                0.98518,                0.99471,                0.90562,                0.41176,                 0.2645,                0.94462,             0.00087373,             0.00087373,             0.00087373
                    159,                0.48236,                0.39238,                 0.9579,                0.99137,                      1,                  0.995,                0.90823,                0.40151,                0.23856,                0.95017,             0.00087019,             0.00087019,             0.00087019
                    160,                 0.4909,                0.38509,                0.96691,                0.99745,                      1,                  0.995,                0.90871,                0.40328,                0.23225,                0.93164,             0.00086665,             0.00086665,             0.00086665
                    161,                 0.4548,                0.36183,                0.94853,                0.99168,                0.98294,                0.99494,                0.91664,                0.36616,                0.22682,                0.91651,             0.00086312,             0.00086312,             0.00086312
                    162,                0.49021,                0.36398,                0.97173,                0.99359,                0.99412,                0.99494,                0.90755,                0.43536,                0.24408,                0.94057,             0.00085958,             0.00085958,             0.00085958
                    163,                0.47611,                0.35198,                0.96633,                0.99446,                 0.9979,                  0.995,                0.91375,                0.39037,                0.23205,                0.94246,             0.00085604,             0.00085604,             0.00085604
                    164,                  0.495,                0.39172,                0.97254,                0.97488,                0.97715,                0.99489,                0.91543,                0.40275,                0.25524,                0.94438,             0.00085251,             0.00085251,             0.00085251
                    165,                 0.4776,                 0.3761,                0.96504,                0.98818,                0.98266,                0.99483,                 0.9077,                0.38075,                 0.2501,                0.92443,             0.00084897,             0.00084897,             0.00084897
                    166,                0.49766,                 0.3995,                0.97591,                0.96719,                0.96554,                0.98951,                0.89996,                0.40375,                0.28894,                0.94009,             0.00084543,             0.00084543,             0.00084543
                    167,                0.48695,                0.37643,                0.97219,                0.98929,                0.99412,                0.99489,                0.92031,                 0.3811,                0.24558,                0.95035,              0.0008419,              0.0008419,              0.0008419
                    168,                0.46306,                0.37566,                0.96317,                0.97155,                0.98942,                  0.986,                0.89817,                0.40537,                0.25469,                0.93991,             0.00083836,             0.00083836,             0.00083836
                    169,                0.47134,                0.38363,                0.95065,                0.97554,                0.99412,                0.99472,                0.91154,                0.41915,                0.24834,                0.94432,             0.00083482,             0.00083482,             0.00083482
                    170,                0.47214,                0.37961,                0.96627,                0.97558,                0.99363,                0.99483,                0.90746,                0.39994,                0.24264,                0.94252,             0.00083129,             0.00083129,             0.00083129
                    171,                0.47607,                0.35595,                0.96332,                0.99036,                0.98948,                0.99489,                0.93142,                0.37399,                 0.2145,                0.93583,             0.00082775,             0.00082775,             0.00082775
                    172,                0.48922,                 0.3957,                0.97839,                 0.9975,                0.99374,                0.99494,                0.92663,                0.38516,                0.21331,                0.96345,             0.00082421,             0.00082421,             0.00082421
                    173,                0.46976,                0.37014,                0.95971,                0.95705,                 0.9957,                0.99358,                0.91202,                0.39524,                0.22963,                0.95014,             0.00082067,             0.00082067,             0.00082067
                    174,                0.45055,                0.35366,                0.95086,                0.96242,                0.95162,                0.98834,                0.90017,                0.42919,                0.28862,                0.99072,             0.00081714,             0.00081714,             0.00081714
                    175,                0.46016,                0.37361,                0.96839,                0.97595,                0.96348,                0.99214,                0.89254,                0.43326,                0.26323,                 1.0295,              0.0008136,              0.0008136,              0.0008136
                    176,                0.47576,                0.37566,                0.96536,                0.99403,                0.99412,                0.99478,                0.90397,                0.42322,                0.25553,                0.98672,             0.00081006,             0.00081006,             0.00081006
                    177,                0.49154,                0.36871,                0.96183,                 0.9857,                  0.975,                0.98011,                0.89061,                0.43341,                0.28251,                0.95038,             0.00080653,             0.00080653,             0.00080653
                    178,                0.47488,                0.38099,                0.97462,                0.99748,                      1,                  0.995,                0.92497,                0.39267,                 0.2158,                0.93699,             0.00080299,             0.00080299,             0.00080299
                    179,                0.47046,                0.37139,                 0.9536,                0.99846,                0.99857,                  0.995,                0.91446,                0.40762,                0.22513,                0.94131,             0.00079945,             0.00079945,             0.00079945
                    180,                0.46237,                0.38967,                0.96402,                0.99795,                0.99958,                  0.995,                0.91439,                0.39347,                 0.2185,                0.95621,             0.00079592,             0.00079592,             0.00079592
                    181,                0.46509,                0.35737,                0.96061,                0.99629,                      1,                  0.995,                0.91962,                 0.3968,                0.21714,                0.96232,             0.00079238,             0.00079238,             0.00079238
                    182,                0.47027,                0.40253,                 0.9705,                0.99622,                      1,                  0.995,                0.91646,                0.41145,                0.22738,                0.95098,             0.00078884,             0.00078884,             0.00078884
                    183,                0.46653,                0.39287,                0.96354,                0.99626,                      1,                  0.995,                0.92929,                0.39621,                0.22998,                0.92714,             0.00078531,             0.00078531,             0.00078531
                    184,                 0.4463,                 1.0437,                0.92999,                0.97789,                0.99534,                0.99448,                0.92932,                0.38018,                0.25467,                0.93233,             0.00078177,             0.00078177,             0.00078177
                    185,                 0.4622,                0.36361,                0.95463,                0.99609,                      1,                  0.995,                0.91536,                0.39405,                0.23408,                0.92892,             0.00077823,             0.00077823,             0.00077823
                    186,                 0.4607,                0.35557,                  0.969,                0.99594,                      1,                  0.995,                0.90115,                  0.404,                 0.2258,                0.93847,              0.0007747,              0.0007747,              0.0007747
                    187,                0.46723,                0.35715,                0.98508,                0.99497,                0.99922,                  0.995,                0.90773,                 0.3949,                0.23153,                0.94693,             0.00077116,             0.00077116,             0.00077116
                    188,                0.45287,                0.41824,                0.95071,                0.99542,                0.99894,                  0.995,                0.90085,                  0.395,                0.23205,                 0.9406,             0.00076762,             0.00076762,             0.00076762
                    189,                0.47651,                0.37989,                0.95132,                0.99648,                0.99835,                  0.995,                0.91358,                0.39289,                  0.228,                0.94802,             0.00076409,             0.00076409,             0.00076409
                    190,                0.46312,                0.36565,                0.97802,                0.99817,                0.99912,                  0.995,                0.91829,                0.39041,                0.21624,                0.92454,             0.00076055,             0.00076055,             0.00076055
                    191,                0.42603,                0.35815,                0.93646,                0.99675,                0.99888,                  0.995,                0.91739,                0.38169,                0.22615,                0.91962,             0.00075701,             0.00075701,             0.00075701
                    192,                0.43599,                0.35106,                0.94181,                0.98985,                0.99496,                  0.995,                 0.9199,                0.38132,                 0.2274,                0.93387,             0.00075348,             0.00075348,             0.00075348
                    193,                0.43715,                0.34266,                0.94424,                 0.9964,                0.99972,                  0.995,                0.91569,                0.38696,                0.22151,                0.94321,             0.00074994,             0.00074994,             0.00074994
                    194,                0.43787,                0.35827,                0.96864,                0.99034,                0.98041,                  0.995,                0.91784,                0.38584,                0.22892,                0.92677,              0.0007464,              0.0007464,              0.0007464
                    195,                0.47486,                0.38217,                0.97575,                0.99512,                0.99616,                  0.995,                0.90056,                0.42704,                0.23437,                0.97499,             0.00074287,             0.00074287,             0.00074287
                    196,                0.44771,                0.37002,                0.94884,                 0.9941,                      1,                  0.995,                0.90251,                0.39873,                 0.2251,                0.93428,             0.00073933,             0.00073933,             0.00073933
                    197,                0.44406,                0.40211,                 0.9562,                0.99537,                0.99877,                  0.995,                0.91486,                0.38925,                0.22018,                0.92549,             0.00073579,             0.00073579,             0.00073579
                    198,                0.44737,                0.35903,                0.95565,                0.99611,                0.99864,                  0.995,                0.91379,                0.38771,                0.22133,                 0.9305,             0.00073226,             0.00073226,             0.00073226
                    199,                0.44873,                0.35159,                0.96606,                0.98895,                0.99605,                0.99494,                0.91107,                0.40927,                0.23123,                0.95854,             0.00072872,             0.00072872,             0.00072872
                    200,                0.47464,                0.37655,                0.96858,                0.99716,                      1,                  0.995,                0.92912,                0.38385,                0.22779,                0.92298,             0.00072518,             0.00072518,             0.00072518
                    201,                0.43017,                0.33304,                0.95192,                0.99587,                      1,                  0.995,                0.91976,                 0.3762,                0.22176,                0.92051,             0.00072164,             0.00072164,             0.00072164
                    202,                0.44073,                0.35137,                 0.9478,                0.98765,                0.98511,                0.99489,                0.93158,                0.37272,                0.21537,                0.91983,             0.00071811,             0.00071811,             0.00071811
                    203,                0.46246,                0.36839,                0.96225,                0.98852,                0.98685,                  0.995,                0.92184,                 0.3804,                0.23253,                0.92183,             0.00071457,             0.00071457,             0.00071457
                    204,                0.44518,                0.35165,                0.96364,                0.98983,                  0.975,                0.98882,                0.91497,                0.38323,                0.22777,                0.93098,             0.00071103,             0.00071103,             0.00071103
                    205,                0.46582,                0.34915,                0.95818,                0.98446,                0.99811,                  0.995,                0.91782,                0.39338,                0.22752,                0.93303,              0.0007075,              0.0007075,              0.0007075
                    206,                0.45905,                0.34084,                0.96715,                0.99574,                0.99914,                  0.995,                0.93303,                0.37014,                0.20238,                0.91549,             0.00070396,             0.00070396,             0.00070396
                    207,                0.42104,                0.33362,                0.94675,                0.98773,                0.98662,                  0.995,                0.91372,                0.38006,                0.21782,                 0.9329,             0.00070042,             0.00070042,             0.00070042
                    208,                0.44654,                 0.3343,                0.95906,                0.99744,                      1,                  0.995,                0.92536,                0.38141,                0.20441,                0.93224,             0.00069689,             0.00069689,             0.00069689
                    209,                0.43941,                0.34322,                0.94617,                0.99691,                      1,                  0.995,                0.91984,                0.38764,                0.21604,                0.93542,             0.00069335,             0.00069335,             0.00069335
                    210,                0.46872,                0.36806,                0.96803,                  0.998,                      1,                  0.995,                0.92324,                0.37664,                0.20654,                0.92983,             0.00068981,             0.00068981,             0.00068981
                    211,                0.43128,                0.33426,                0.94543,                0.99712,                0.99935,                  0.995,                0.91711,                0.39406,                0.21702,                0.92542,             0.00068628,             0.00068628,             0.00068628
                    212,                0.46261,                 0.3565,                0.96683,                  0.997,                0.99913,                  0.995,                0.92264,                 0.3967,                 0.2144,                0.93412,             0.00068274,             0.00068274,             0.00068274
                    213,                0.42633,                0.33396,                0.94515,                 0.9978,                0.99929,                  0.995,                0.91271,                0.39261,                0.21588,                0.94456,              0.0006792,              0.0006792,              0.0006792
                    214,                0.45682,                0.34801,                 0.9521,                0.99715,                0.99927,                  0.995,                0.92265,                0.39271,                0.22426,                0.92743,             0.00067567,             0.00067567,             0.00067567
                    215,                0.44246,                0.36321,                0.96968,                0.99718,                0.99914,                  0.995,                0.93259,                0.37815,                0.21122,                0.95085,             0.00067213,             0.00067213,             0.00067213
                    216,                0.45905,                0.35839,                0.95822,                0.98786,                0.99686,                0.99483,                0.91553,                0.40224,                 0.2149,                0.94804,             0.00066859,             0.00066859,             0.00066859
                    217,                0.43199,                0.32655,                0.95077,                0.99667,                0.99921,                  0.995,                 0.9309,                0.37976,                0.20501,                0.92041,             0.00066506,             0.00066506,             0.00066506
                    218,                0.42821,                 0.3501,                0.94444,                0.99532,                0.99829,                  0.995,                0.92212,                0.37288,                0.20448,                0.92971,             0.00066152,             0.00066152,             0.00066152
                    219,                0.42367,                0.32902,                0.93902,                0.98968,                0.97325,                0.99249,                 0.9219,                0.38747,                0.22529,                0.93309,             0.00065798,             0.00065798,             0.00065798
                    220,                0.43611,                0.34589,                0.97009,                0.98435,                0.99601,                0.99494,                0.92587,                 0.3791,                0.21316,                0.91851,             0.00065445,             0.00065445,             0.00065445
                    221,                0.42308,                0.33287,                0.94291,                0.99773,                0.99903,                  0.995,                0.91742,                0.38067,                0.20901,                0.91663,             0.00065091,             0.00065091,             0.00065091
                    222,                0.41386,                0.33645,                0.93209,                0.99593,                0.99848,                  0.995,                0.92836,                0.37769,                0.20751,                0.92071,             0.00064737,             0.00064737,             0.00064737
                    223,                 0.4239,                0.34225,                0.94261,                0.99613,                  0.999,                  0.995,                0.91006,                0.39629,                0.21002,                0.93563,             0.00064384,             0.00064384,             0.00064384
                    224,                0.43325,                0.33522,                0.95825,                0.99826,                      1,                  0.995,                0.91976,                0.39804,                0.21096,                0.95235,              0.0006403,              0.0006403,              0.0006403
                    225,                0.41822,                0.34764,                0.93953,                0.99846,                0.99873,                  0.995,                0.92033,                0.39223,                0.22093,                0.95228,             0.00063676,             0.00063676,             0.00063676
                    226,                0.43866,                0.33897,                0.94148,                0.99766,                0.99924,                  0.995,                0.92499,                0.36733,                0.21345,                0.92246,             0.00063323,             0.00063323,             0.00063323
                    227,                0.41704,                0.33574,                0.95336,                0.99572,                 0.9986,                  0.995,                0.92845,                0.37703,                0.20131,                0.93197,             0.00062969,             0.00062969,             0.00062969
                    228,                 0.4102,                0.32066,                0.93814,                0.99692,                0.99893,                  0.995,                0.92358,                0.38366,                0.20756,                0.93566,             0.00062615,             0.00062615,             0.00062615
                    229,                0.42028,                0.32756,                0.94669,                0.99584,                      1,                  0.995,                0.92901,                0.39284,                0.22426,                0.93783,             0.00062262,             0.00062262,             0.00062262
                    230,                0.41427,                0.35017,                0.94042,                0.99348,                      1,                  0.995,                0.92213,                0.37754,                0.21205,                0.93648,             0.00061908,             0.00061908,             0.00061908
                    231,                0.41004,                0.31758,                0.93045,                0.99216,                0.96912,                0.99267,                0.92648,                0.38305,                0.22001,                0.95675,             0.00061554,             0.00061554,             0.00061554
                    232,                 0.4288,                0.35358,                0.95513,                0.99765,                      1,                  0.995,                0.93188,                0.40415,                0.21408,                0.97791,               0.000612,               0.000612,               0.000612
                    233,                0.42649,                0.33052,                0.94047,                0.99595,                      1,                  0.995,                0.91653,                0.40536,                0.21266,                0.96747,             0.00060847,             0.00060847,             0.00060847
                    234,                0.43056,                0.35849,                0.94463,                 0.9943,                      1,                  0.995,                0.93424,                0.37191,                0.19836,                0.92828,             0.00060493,             0.00060493,             0.00060493
                    235,                0.41308,                0.32632,                0.94908,                0.99415,                      1,                  0.995,                0.94064,                0.35944,                0.20795,                 0.9112,             0.00060139,             0.00060139,             0.00060139
                    236,                0.39833,                0.31628,                0.93856,                0.99777,                      1,                  0.995,                 0.9267,                 0.3663,                0.19937,                0.91395,             0.00059786,             0.00059786,             0.00059786
                    237,                0.42372,                0.32455,                0.93987,                0.98768,                0.98781,                0.99488,                0.91641,                0.37804,                0.23115,                0.93783,             0.00059432,             0.00059432,             0.00059432
                    238,                0.41734,                0.32891,                0.93768,                0.99704,                0.99969,                  0.995,                0.92773,                0.37589,                 0.2108,                0.94213,             0.00059078,             0.00059078,             0.00059078
                    239,                 0.4136,                0.30766,                0.93979,                0.99746,                      1,                  0.995,                0.92051,                0.37469,                 0.2222,                0.94024,             0.00058725,             0.00058725,             0.00058725
                    240,                0.40367,                0.33881,                0.93867,                0.99538,                      1,                  0.995,                0.91863,                0.36899,                0.21271,                0.92898,             0.00058371,             0.00058371,             0.00058371
                    241,                0.41618,                0.34139,                0.96126,                0.99656,                      1,                  0.995,                0.92415,                0.37575,                0.20808,                0.92515,             0.00058017,             0.00058017,             0.00058017
                    242,                0.40182,                0.31155,                 0.9408,                0.99713,                      1,                  0.995,                0.92364,                0.38395,                 0.2007,                0.93328,             0.00057664,             0.00057664,             0.00057664
                    243,                0.40186,                0.33019,                 0.9403,                0.99806,                0.99836,                  0.995,                0.91822,                0.37623,                0.20887,                 0.9354,              0.0005731,              0.0005731,              0.0005731
                    244,                0.38686,                0.31316,                0.91949,                0.98561,                0.99829,                  0.995,                0.92804,                0.37186,                0.21171,                0.93366,             0.00056956,             0.00056956,             0.00056956
                    245,                0.41567,                0.32108,                0.94132,                0.98489,                0.99824,                  0.995,                0.93891,                0.36807,                0.20983,                0.92667,             0.00056603,             0.00056603,             0.00056603
                    246,                0.43695,                0.36714,                0.96605,                0.99719,                      1,                  0.995,                 0.9251,                0.36556,                0.19871,                 0.9336,             0.00056249,             0.00056249,             0.00056249
                    247,                0.41495,                0.31732,                0.92621,                0.99775,                 0.9993,                  0.995,                0.92044,                 0.3813,                0.20346,                0.95002,             0.00055895,             0.00055895,             0.00055895
                    248,                0.41795,                 0.3374,                0.93894,                0.98849,                0.99771,                  0.995,                0.92345,                0.37352,                0.19745,                0.94312,             0.00055542,             0.00055542,             0.00055542
                    249,                0.38624,                0.31995,                0.92954,                0.99656,                0.99859,                  0.995,                0.91649,                0.37863,                0.20632,                0.94921,             0.00055188,             0.00055188,             0.00055188
                    250,                0.39307,                0.30829,                0.93012,                0.99771,                0.99692,                  0.995,                0.91492,                0.39334,                0.21029,                0.95044,             0.00054834,             0.00054834,             0.00054834
                    251,                0.41838,                0.32626,                0.94477,                0.99818,                0.99993,                  0.995,                0.91047,                0.41526,                 0.2189,                0.95988,             0.00054481,             0.00054481,             0.00054481
                    252,                0.43747,                0.33916,                0.95701,                0.99846,                0.99918,                  0.995,                0.93084,                0.38394,                0.20519,                0.94887,             0.00054127,             0.00054127,             0.00054127
                    253,                0.38859,                0.31851,                0.92229,                0.99518,                 0.9983,                  0.995,                0.92571,                0.36898,                0.19663,                0.93312,             0.00053773,             0.00053773,             0.00053773
                    254,                0.38322,                0.30883,                0.91923,                0.99661,                0.99819,                  0.995,                0.91806,                0.37787,                0.19209,                0.93053,              0.0005342,              0.0005342,              0.0005342
                    255,                0.39162,                0.29938,                0.92648,                0.99637,                0.99891,                  0.995,                0.92964,                0.36947,                0.18422,                0.93504,             0.00053066,             0.00053066,             0.00053066
                    256,                0.39124,                0.31333,                0.94516,                0.99701,                0.99922,                  0.995,                 0.9312,                0.37078,                0.19905,                0.93571,             0.00052712,             0.00052712,             0.00052712
                    257,                0.40921,                 0.3265,                0.94026,                0.99823,                 0.9997,                  0.995,                0.91657,                0.37359,                0.20164,                0.94267,             0.00052359,             0.00052359,             0.00052359
                    258,                0.41199,                0.31576,                0.93264,                0.99756,                0.99921,                  0.995,                0.92409,                0.39154,                0.20339,                0.94483,             0.00052005,             0.00052005,             0.00052005
                    259,                0.38142,                0.32466,                0.92174,                0.99758,                0.99897,                  0.995,                 0.9255,                0.37212,                0.19989,                0.94071,             0.00051651,             0.00051651,             0.00051651
                    260,                0.37735,                0.29325,                 0.9326,                0.99705,                      1,                  0.995,                   0.92,                0.37192,                 0.2027,                0.92204,             0.00051298,             0.00051298,             0.00051298
                    261,                0.41718,                0.34327,                0.94066,                0.99719,                      1,                  0.995,                0.93388,                0.37838,                0.20296,                 0.9234,             0.00050944,             0.00050944,             0.00050944
                    262,                0.38065,                0.32054,                0.92996,                 0.9972,                      1,                  0.995,                0.92354,                0.37638,                0.19103,                0.92703,              0.0005059,              0.0005059,              0.0005059
                    263,                0.39779,                0.31549,                0.92985,                 0.9978,                      1,                  0.995,                0.92437,                0.39425,                0.20034,                0.93479,             0.00050236,             0.00050236,             0.00050236
                    264,                0.39819,                0.32446,                0.93272,                0.99662,                      1,                  0.995,                0.92603,                0.37033,                0.19432,                0.93035,             0.00049883,             0.00049883,             0.00049883
                    265,                0.41067,                 0.3242,                0.94214,                0.99709,                0.99896,                  0.995,                0.93111,                0.37396,                0.20381,                 0.9396,             0.00049529,             0.00049529,             0.00049529
                    266,                0.38533,                0.30889,                0.92913,                0.99647,                0.99867,                  0.995,                 0.9151,                0.40468,                0.20643,                0.95126,             0.00049175,             0.00049175,             0.00049175
                    267,                0.40555,                0.31971,                 0.9364,                0.99707,                      1,                  0.995,                  0.938,                0.38712,                0.20766,                0.94837,             0.00048822,             0.00048822,             0.00048822
                    268,                0.40443,                0.30041,                0.93746,                0.99746,                      1,                  0.995,                0.92849,                0.37799,                 0.2119,                0.94506,             0.00048468,             0.00048468,             0.00048468
                    269,                0.39504,                0.31352,                0.93308,                0.99758,                0.99943,                  0.995,                0.92536,                0.40304,                0.21652,                0.95688,             0.00048114,             0.00048114,             0.00048114
                    270,                 0.3892,                0.29113,                0.93045,                0.99679,                      1,                  0.995,                0.93546,                0.37428,                0.19323,                0.94102,             0.00047761,             0.00047761,             0.00047761
                    271,                0.39806,                0.31503,                0.92935,                0.99745,                      1,                  0.995,                 0.9289,                0.37193,                0.19255,                 0.9455,             0.00047407,             0.00047407,             0.00047407
                    272,                0.38277,                0.30255,                0.93303,                 0.9965,                0.99876,                  0.995,                0.92191,                0.37526,                0.19516,                0.94301,             0.00047053,             0.00047053,             0.00047053
                    273,                0.38634,                0.32588,                 0.9332,                0.99117,                0.98372,                0.99477,                0.93275,                0.37649,                0.21375,                0.93918,               0.000467,               0.000467,               0.000467
                    274,                0.37288,                0.30069,                 0.9154,                0.99424,                      1,                  0.995,                 0.9296,                0.37315,                0.19924,                0.93302,             0.00046346,             0.00046346,             0.00046346
                    275,                0.35973,                0.28222,                0.92155,                0.99736,                      1,                  0.995,                0.92648,                0.37282,                0.19439,                0.93254,             0.00045992,             0.00045992,             0.00045992
                    276,                0.37169,                0.28361,                0.93293,                0.98973,                0.98681,                  0.995,                0.93743,                 0.3668,                0.20088,                0.93194,             0.00045639,             0.00045639,             0.00045639
                    277,                0.37556,                0.29406,                0.91583,                0.99292,                      1,                  0.995,                0.93331,                0.37544,                0.19729,                0.93638,             0.00045285,             0.00045285,             0.00045285
                    278,                 0.3723,                0.28331,                0.92569,                0.99818,                      1,                  0.995,                0.92415,                0.38079,                0.19695,                0.94369,             0.00044931,             0.00044931,             0.00044931
                    279,                0.39266,                0.28866,                0.92411,                0.99757,                      1,                  0.995,                0.92033,                 0.3887,                0.20372,                0.95273,             0.00044578,             0.00044578,             0.00044578
                    280,                0.37464,                0.31759,                0.92554,                0.99811,                      1,                  0.995,                0.92401,                0.37639,                0.19351,                0.92941,             0.00044224,             0.00044224,             0.00044224
                    281,                 0.4043,                0.32393,                0.94363,                0.99647,                      1,                  0.995,                0.93631,                0.37554,                0.18976,                   0.94,              0.0004387,              0.0004387,              0.0004387
                    282,                0.39886,                0.30765,                0.93542,                 0.9973,                      1,                  0.995,                0.92162,                0.37674,                0.19536,                0.93847,             0.00043517,             0.00043517,             0.00043517
                    283,                0.38207,                0.31219,                0.93526,                0.99789,                      1,                  0.995,                0.92913,                0.36999,                0.19616,                0.94006,             0.00043163,             0.00043163,             0.00043163
                    284,                0.36286,                0.28383,                0.90874,                0.99712,                      1,                  0.995,                0.93049,                0.36996,                 0.1889,                 0.9492,             0.00042809,             0.00042809,             0.00042809
                    285,                0.36937,                0.28793,                0.92511,                 0.9941,                0.99985,                  0.995,                0.92734,                0.37484,                0.19761,                0.95332,             0.00042456,             0.00042456,             0.00042456
                    286,                0.37266,                0.30506,                 0.9271,                0.99698,                      1,                  0.995,                0.93706,                0.36931,                0.19741,                0.93799,             0.00042102,             0.00042102,             0.00042102
                    287,                0.36206,                0.29712,                 0.9245,                0.99689,                      1,                  0.995,                0.94411,                0.37588,                0.19569,                0.94395,             0.00041748,             0.00041748,             0.00041748
                    288,                0.38095,                0.28847,                0.93309,                 0.9978,                      1,                  0.995,                0.93708,                0.36295,                0.18424,                0.93646,             0.00041395,             0.00041395,             0.00041395
                    289,                0.40222,                 0.2992,                 0.9673,                0.99671,                      1,                  0.995,                0.92855,                0.38336,                0.18966,                0.94206,             0.00041041,             0.00041041,             0.00041041
                    290,                 0.3752,                0.30026,                0.92569,                0.99737,                      1,                  0.995,                0.92765,                0.36467,                 0.1934,                0.93533,             0.00040687,             0.00040687,             0.00040687
                    291,                0.36795,                0.29499,                0.91723,                0.99605,                      1,                  0.995,                0.92854,                0.37369,                0.19806,                0.93812,             0.00040334,             0.00040334,             0.00040334
                    292,                0.37327,                0.27969,                0.93417,                0.99671,                      1,                  0.995,                0.93385,                0.37141,                0.20166,                0.93786,              0.0003998,              0.0003998,              0.0003998
                    293,                0.36121,                0.27877,                0.91881,                0.99735,                      1,                  0.995,                0.93511,                0.36722,                  0.195,                0.93638,             0.00039626,             0.00039626,             0.00039626
                    294,                0.38202,                0.30467,                0.93015,                0.99814,                      1,                  0.995,                0.92845,                 0.3795,                0.19613,                0.93809,             0.00039272,             0.00039272,             0.00039272
                    295,                0.36197,                0.29366,                0.92265,                0.99816,                      1,                  0.995,                0.93721,                0.36891,                0.18604,                0.92984,             0.00038919,             0.00038919,             0.00038919
                    296,                0.36347,                0.28781,                0.91532,                0.99841,                      1,                  0.995,                0.93763,                0.36779,                0.18972,                 0.9303,             0.00038565,             0.00038565,             0.00038565
                    297,                0.35859,                0.28423,                0.92072,                0.99846,                      1,                  0.995,                0.93994,                0.37188,                0.18781,                0.93828,             0.00038211,             0.00038211,             0.00038211
                    298,                  0.382,                0.28482,                 0.9413,                0.99764,                      1,                  0.995,                0.93245,                0.36726,                0.19158,                0.93838,             0.00037858,             0.00037858,             0.00037858
                    299,                0.34653,                0.28095,                  0.922,                0.99638,                 0.9981,                  0.995,                 0.9293,                0.36248,                0.19319,                0.93028,             0.00037504,             0.00037504,             0.00037504
                    300,                0.36457,                0.28732,                0.92534,                0.99808,                      1,                  0.995,                0.93523,                0.36265,                0.18157,                0.92752,              0.0003715,              0.0003715,              0.0003715
                    301,                0.35094,                0.28544,                0.91753,                0.99795,                      1,                  0.995,                0.92746,                0.36479,                 0.1796,                0.93048,             0.00036797,             0.00036797,             0.00036797
                    302,                  0.357,                0.28723,                0.92325,                0.99786,                      1,                  0.995,                0.93554,                0.35287,                0.18556,                0.92143,             0.00036443,             0.00036443,             0.00036443
                    303,                0.36581,                0.29406,                0.92621,                0.99769,                      1,                  0.995,                0.93735,                0.34351,                0.18217,                0.91758,             0.00036089,             0.00036089,             0.00036089
                    304,                0.35784,                0.27303,                0.91112,                 0.9976,                      1,                  0.995,                0.93386,                0.34594,                0.18542,                0.91966,             0.00035736,             0.00035736,             0.00035736
                    305,                0.35592,                0.28333,                0.92436,                 0.9969,                      1,                  0.995,                0.93546,                0.35005,                0.18516,                0.92357,             0.00035382,             0.00035382,             0.00035382
                    306,                0.36018,                0.28346,                0.92394,                0.99797,                      1,                  0.995,                0.93972,                0.35671,                0.18827,                0.92797,             0.00035028,             0.00035028,             0.00035028
                    307,                0.36024,                 0.2765,                0.92933,                0.99771,                      1,                  0.995,                0.93464,                0.36207,                0.19946,                0.93106,             0.00034675,             0.00034675,             0.00034675
                    308,                0.37155,                0.28053,                0.91678,                0.99813,                      1,                  0.995,                0.93292,                0.35952,                0.19188,                0.93126,             0.00034321,             0.00034321,             0.00034321
                    309,                0.35753,                0.27788,                0.92318,                0.99586,                0.99982,                  0.995,                0.94419,                 0.3756,                0.20108,                0.94106,             0.00033967,             0.00033967,             0.00033967
                    310,                0.35846,                0.27505,                0.90845,                0.98826,                0.99889,                  0.995,                0.94188,                0.36574,                0.20344,                0.93944,             0.00033614,             0.00033614,             0.00033614
                    311,                0.33328,                0.26758,                0.90948,                0.98671,                0.99873,                  0.995,                0.93281,                0.37595,                0.20637,                0.95014,              0.0003326,              0.0003326,              0.0003326
                    312,                0.35823,                0.29037,                0.92004,                0.99815,                      1,                  0.995,                0.92961,                0.37661,                0.19458,                0.95269,             0.00032906,             0.00032906,             0.00032906
                    313,                0.34639,                0.28432,                0.92248,                 0.9981,                      1,                  0.995,                 0.9232,                0.37494,                0.20092,                0.95358,             0.00032553,             0.00032553,             0.00032553
                    314,                0.37484,                0.28631,                0.92003,                0.99811,                      1,                  0.995,                0.92617,                0.38182,                0.19826,                0.95377,             0.00032199,             0.00032199,             0.00032199
                    315,                0.34201,                0.26902,                0.91315,                 0.9981,                      1,                  0.995,                0.92654,                0.37146,                0.18224,                0.94539,             0.00031845,             0.00031845,             0.00031845
                    316,                 0.3539,                0.29357,                0.91702,                0.99826,                      1,                  0.995,                0.93254,                0.35603,                 0.1819,                 0.9295,             0.00031492,             0.00031492,             0.00031492
                    317,                 0.3409,                0.27949,                0.91827,                0.99804,                      1,                  0.995,                0.93146,                 0.3539,                0.17993,                0.92659,             0.00031138,             0.00031138,             0.00031138
                    318,                0.33872,                0.25852,                0.91036,                0.99841,                      1,                  0.995,                0.93797,                 0.3607,                0.18085,                0.93426,             0.00030784,             0.00030784,             0.00030784
                    319,                0.33967,                0.26819,                0.90907,                0.99803,                      1,                  0.995,                0.93236,                0.36726,                 0.1812,                0.93741,             0.00030431,             0.00030431,             0.00030431
                    320,                0.36401,                0.28975,                 0.9184,                0.99749,                      1,                  0.995,                0.93912,                0.36607,                0.19142,                0.93339,             0.00030077,             0.00030077,             0.00030077
                    321,                0.34892,                0.26546,                0.91212,                0.99701,                      1,                  0.995,                0.92926,                0.36864,                0.18443,                0.93324,             0.00029723,             0.00029723,             0.00029723
                    322,                0.34882,                0.26066,                0.93885,                0.99715,                      1,                  0.995,                0.92824,                0.36519,                0.18042,                0.93979,              0.0002937,              0.0002937,              0.0002937
                    323,                 0.3472,                0.26687,                 0.9177,                  0.997,                      1,                  0.995,                0.92927,                0.36861,                0.18596,                0.94326,             0.00029016,             0.00029016,             0.00029016
                    324,                0.34358,                0.27589,                0.91899,                0.99651,                0.99887,                  0.995,                0.93592,                0.36333,                0.17723,                0.94328,             0.00028662,             0.00028662,             0.00028662
                    325,                0.35251,                0.29041,                0.91836,                0.99734,                0.99548,                  0.995,                0.92637,                0.36312,                0.18138,                0.94607,             0.00028308,             0.00028308,             0.00028308
                    326,                0.33363,                0.26086,                0.91069,                 0.9973,                0.99836,                  0.995,                0.92986,                0.36656,                0.18304,                0.94051,             0.00027955,             0.00027955,             0.00027955
                    327,                0.33594,                0.26122,                0.91306,                0.99819,                 0.9962,                  0.995,                0.92886,                0.36326,                 0.1814,                0.93147,             0.00027601,             0.00027601,             0.00027601
                    328,                0.34496,                0.25784,                0.90384,                0.99549,                0.99837,                  0.995,                0.93656,                0.36737,                0.18807,                 0.9294,             0.00027247,             0.00027247,             0.00027247
                    329,                0.32911,                 0.2543,                0.90528,                0.99788,                      1,                  0.995,                0.93038,                0.36638,                  0.184,                0.93454,             0.00026894,             0.00026894,             0.00026894
                    330,                0.32924,                0.25266,                0.90745,                0.99758,                      1,                  0.995,                0.92524,                0.37873,                0.17895,                0.95223,              0.0002654,              0.0002654,              0.0002654
                    331,                0.32706,                0.25598,                 0.8973,                0.99802,                      1,                  0.995,                0.93194,                0.37792,                0.18105,                0.95006,             0.00026186,             0.00026186,             0.00026186
                    332,                0.33723,                0.27041,                0.91204,                0.99815,                      1,                  0.995,                  0.926,                0.38017,                0.18452,                0.95166,             0.00025833,             0.00025833,             0.00025833
                    333,                0.34686,                0.27329,                0.91587,                0.99801,                      1,                  0.995,                0.91874,                0.38296,                0.18512,                0.95447,             0.00025479,             0.00025479,             0.00025479
                    334,                 0.3188,                0.24411,                0.90233,                0.99802,                      1,                  0.995,                0.92616,                 0.3749,                0.18489,                0.95147,             0.00025125,             0.00025125,             0.00025125
                    335,                0.33502,                0.26843,                0.90701,                0.99829,                      1,                  0.995,                0.93554,                0.36597,                0.18031,                0.94616,             0.00024772,             0.00024772,             0.00024772
                    336,                0.31834,                0.24977,                0.90119,                0.99827,                      1,                  0.995,                0.92846,                0.36339,                0.17992,                0.94156,             0.00024418,             0.00024418,             0.00024418
                    337,                0.34627,                0.27448,                  0.924,                0.99819,                      1,                  0.995,                0.93821,                0.35938,                 0.1746,                0.94117,             0.00024064,             0.00024064,             0.00024064
                    338,                0.35233,                0.27097,                0.92015,                0.99765,                      1,                  0.995,                0.93303,                0.36925,                0.17923,                0.94975,             0.00023711,             0.00023711,             0.00023711
                    339,                0.33205,                0.25213,                0.90953,                0.99769,                      1,                  0.995,                0.92807,                0.37021,                0.18343,                0.94864,             0.00023357,             0.00023357,             0.00023357
                    340,                0.31445,                0.28579,                0.91341,                0.99833,                      1,                  0.995,                0.92995,                0.37017,                0.18735,                0.94974,             0.00023003,             0.00023003,             0.00023003
                    341,                0.33119,                0.26254,                0.90322,                0.99748,                      1,                  0.995,                0.93236,                0.36584,                0.17859,                0.94703,              0.0002265,              0.0002265,              0.0002265
                    342,                0.32899,                0.28372,                0.90631,                0.99792,                      1,                  0.995,                0.93051,                0.36269,                 0.1752,                0.94646,             0.00022296,             0.00022296,             0.00022296
                    343,                0.31386,                 0.2491,                 0.8877,                0.99807,                      1,                  0.995,                0.93789,                0.36356,                0.17679,                0.94718,             0.00021942,             0.00021942,             0.00021942
                    344,                 0.3188,                0.23565,                0.89853,                0.99828,                      1,                  0.995,                0.93118,                0.36632,                0.18299,                0.95287,             0.00021589,             0.00021589,             0.00021589
                    345,                0.34541,                0.26218,                0.91472,                0.99828,                      1,                  0.995,                0.92653,                0.36489,                0.17997,                0.95461,             0.00021235,             0.00021235,             0.00021235
                    346,                 0.3382,                 0.2674,                0.90399,                0.99839,                      1,                  0.995,                0.92524,                0.37069,                0.17564,                0.95438,             0.00020881,             0.00020881,             0.00020881
                    347,                0.33356,                0.25708,                 0.9017,                0.99848,                      1,                  0.995,                0.92326,                0.36544,                0.17603,                0.94957,             0.00020528,             0.00020528,             0.00020528
                    348,                0.31902,                0.24916,                0.90821,                0.99838,                      1,                  0.995,                0.92526,                0.36158,                0.17641,                0.94456,             0.00020174,             0.00020174,             0.00020174
                    349,                0.33244,                0.27005,                0.90433,                0.99818,                      1,                  0.995,                0.92571,                0.36069,                0.17246,                0.93485,              0.0001982,              0.0001982,              0.0001982
                    350,                0.32455,                0.25506,                0.90779,                0.99821,                      1,                  0.995,                0.93141,                0.36296,                 0.1691,                0.93594,             0.00019467,             0.00019467,             0.00019467
                    351,                0.32112,                0.25138,                0.91539,                0.99846,                      1,                  0.995,                 0.9277,                0.35936,                0.17308,                0.93611,             0.00019113,             0.00019113,             0.00019113
                    352,                0.32757,                0.27095,                0.90663,                0.99834,                      1,                  0.995,                0.92874,                0.36326,                0.17598,                0.93466,             0.00018759,             0.00018759,             0.00018759
                    353,                0.31051,                0.23783,                 0.8974,                0.99823,                      1,                  0.995,                 0.9345,                0.35938,                0.17468,                0.93747,             0.00018406,             0.00018406,             0.00018406
                    354,                0.32832,                0.26185,                0.90985,                0.99751,                      1,                  0.995,                0.92786,                0.35939,                0.17452,                0.93983,             0.00018052,             0.00018052,             0.00018052
                    355,                0.30693,                0.24167,                0.90038,                0.99765,                      1,                  0.995,                0.93666,                0.35798,                0.17453,                0.93869,             0.00017698,             0.00017698,             0.00017698
                    356,                0.32794,                0.25514,                0.90365,                0.99822,                      1,                  0.995,                 0.9252,                0.36418,                0.17593,                 0.9271,             0.00017344,             0.00017344,             0.00017344
                    357,                0.31635,                0.24811,                0.91067,                0.99824,                      1,                  0.995,                0.92741,                0.35865,                0.17838,                0.92391,             0.00016991,             0.00016991,             0.00016991
                    358,                0.34386,                0.28286,                0.92655,                0.99822,                      1,                  0.995,                0.92777,                0.36442,                 0.1772,                0.93562,             0.00016637,             0.00016637,             0.00016637
                    359,                0.29924,                0.24433,                0.89191,                0.99793,                      1,                  0.995,                0.93726,                0.36194,                0.17414,                0.93916,             0.00016283,             0.00016283,             0.00016283
                    360,                0.31603,                 0.2451,                0.90027,                0.99795,                      1,                  0.995,                0.93076,                0.36287,                0.17365,                0.94946,              0.0001593,              0.0001593,              0.0001593
                    361,                0.32391,                 0.2494,                0.90238,                0.99806,                      1,                  0.995,                0.93398,                0.36383,                0.17343,                0.95145,             0.00015576,             0.00015576,             0.00015576
                    362,                0.32306,                0.24502,                0.90062,                0.99803,                      1,                  0.995,                0.93524,                0.36255,                0.17146,                0.95288,             0.00015222,             0.00015222,             0.00015222
                    363,                0.32827,                0.25751,                0.90632,                0.99797,                      1,                  0.995,                0.93351,                0.36565,                0.17749,                  0.956,             0.00014869,             0.00014869,             0.00014869
                    364,                0.33165,                0.25481,                0.91374,                0.99814,                      1,                  0.995,                0.93501,                0.36208,                0.16746,                0.95473,             0.00014515,             0.00014515,             0.00014515
                    365,                0.30614,                0.24935,                0.91164,                 0.9983,                      1,                  0.995,                 0.9337,                0.36191,                0.16915,                 0.9558,             0.00014161,             0.00014161,             0.00014161
                    366,                0.30409,                0.23726,                0.89446,                0.99827,                0.99969,                  0.995,                0.93583,                0.36264,                0.17195,                0.95473,             0.00013808,             0.00013808,             0.00013808
                    367,                0.31933,                0.24522,                0.90217,                0.99823,                0.99992,                  0.995,                 0.9324,                0.36028,                0.16957,                0.95678,             0.00013454,             0.00013454,             0.00013454
                    368,                0.31661,                0.24721,                 0.8952,                0.99807,                      1,                  0.995,                0.93608,                 0.3581,                0.16663,                0.95292,               0.000131,               0.000131,               0.000131
                    369,                0.31476,                 0.2528,                0.89933,                0.99824,                      1,                  0.995,                0.93883,                0.35498,                0.16378,                0.94846,             0.00012747,             0.00012747,             0.00012747
                    370,                0.30394,                0.23329,                0.89263,                0.99848,                      1,                  0.995,                0.94057,                0.35627,                 0.1708,                0.94933,             0.00012393,             0.00012393,             0.00012393
                    371,                0.30313,                0.24453,                 0.8868,                0.99828,                0.99981,                  0.995,                0.93498,                0.36042,                0.16999,                0.94946,             0.00012039,             0.00012039,             0.00012039
                    372,                0.29068,                0.23585,                  0.887,                0.99792,                 0.9996,                  0.995,                0.94015,                0.36475,                0.17042,                0.94909,             0.00011686,             0.00011686,             0.00011686
                    373,                0.30205,                0.24439,                0.90772,                0.99793,                0.99985,                  0.995,                0.93646,                0.36276,                0.16977,                0.94851,             0.00011332,             0.00011332,             0.00011332
                    374,                0.30368,                   0.24,                0.90195,                0.99802,                      1,                  0.995,                  0.937,                0.35989,                0.16968,                0.94724,             0.00010978,             0.00010978,             0.00010978
                    375,                0.31713,                 0.2545,                0.90292,                0.99793,                      1,                  0.995,                0.93607,                0.35856,                0.16592,                0.94691,             0.00010625,             0.00010625,             0.00010625
                    376,                0.30137,                0.23402,                0.89206,                0.99822,                      1,                  0.995,                0.93554,                0.35734,                0.16623,                0.94515,             0.00010271,             0.00010271,             0.00010271
                    377,                0.31512,                0.23331,                 0.9055,                0.99847,                      1,                  0.995,                0.93911,                0.35844,                0.16775,                0.94649,             9.9173e-05,             9.9173e-05,             9.9173e-05
                    378,                0.30922,                0.24365,                0.90358,                0.99846,                      1,                  0.995,                0.93695,                0.36351,                0.17353,                0.95287,             9.5636e-05,             9.5636e-05,             9.5636e-05
                    379,                0.31315,                0.24363,                0.90792,                0.99844,                      1,                  0.995,                0.93712,                0.36268,                0.17481,                0.95496,             9.2099e-05,             9.2099e-05,             9.2099e-05
                    380,                0.30556,                0.25748,                0.89145,                0.99828,                      1,                  0.995,                0.93803,                0.36225,                0.17013,                0.95254,             8.8562e-05,             8.8562e-05,             8.8562e-05
                    381,                0.31056,                0.24482,                0.90077,                0.99805,                0.99967,                  0.995,                 0.9382,                0.36182,                0.17156,                0.95149,             8.5026e-05,             8.5026e-05,             8.5026e-05
                    382,                0.29956,                0.23452,                0.89072,                0.99829,                0.99973,                  0.995,                0.93704,                0.35979,                 0.1709,                0.94977,             8.1489e-05,             8.1489e-05,             8.1489e-05
                    383,                0.30177,                0.24464,                0.89498,                0.99801,                      1,                  0.995,                0.93805,                 0.3597,                0.17358,                 0.9492,             7.7952e-05,             7.7952e-05,             7.7952e-05
                    384,                0.30762,                0.23258,                0.89978,                0.99755,                      1,                  0.995,                0.93576,                0.35981,                0.16926,                0.94972,             7.4415e-05,             7.4415e-05,             7.4415e-05
                    385,                0.30238,                0.24252,                 0.9006,                0.99783,                      1,                  0.995,                0.93805,                0.36089,                0.16713,                0.94905,             7.0878e-05,             7.0878e-05,             7.0878e-05
                    386,                 0.3001,                0.24969,                0.90504,                0.99796,                      1,                  0.995,                0.93775,                0.35969,                0.16577,                0.94846,             6.7342e-05,             6.7342e-05,             6.7342e-05
                    387,                0.29776,                0.23024,                 0.8937,                0.99821,                      1,                  0.995,                0.93662,                0.35934,                0.16613,                0.94666,             6.3805e-05,             6.3805e-05,             6.3805e-05
                    388,                0.30091,                0.24255,                0.90903,                0.99814,                      1,                  0.995,                0.93835,                0.35814,                0.16502,                0.94375,             6.0268e-05,             6.0268e-05,             6.0268e-05
                    389,                0.29195,                 0.2322,                0.89833,                0.99812,                      1,                  0.995,                0.93649,                0.35772,                0.16464,                0.94288,             5.6731e-05,             5.6731e-05,             5.6731e-05
                    390,                0.29864,                0.24066,                0.89567,                0.99817,                      1,                  0.995,                 0.9371,                0.35756,                0.16586,                0.94301,             5.3195e-05,             5.3195e-05,             5.3195e-05
                    391,                0.26097,                0.17074,                0.84549,                0.99828,                      1,                  0.995,                0.93447,                0.35933,                0.16977,                0.94205,             4.9658e-05,             4.9658e-05,             4.9658e-05
                    392,                0.28255,                0.19969,                0.87225,                0.99815,                      1,                  0.995,                0.93103,                0.36102,                0.17388,                0.94087,             4.6121e-05,             4.6121e-05,             4.6121e-05
                    393,                  0.249,                 0.1637,                0.84479,                  0.998,                      1,                  0.995,                0.92402,                0.36336,                0.17256,                0.94091,             4.2584e-05,             4.2584e-05,             4.2584e-05
                    394,                0.24698,                0.15799,                0.84884,                0.99812,                      1,                  0.995,                0.92719,                0.36323,                0.17129,                 0.9415,             3.9047e-05,             3.9047e-05,             3.9047e-05
                    395,                0.24158,                0.16347,                0.84137,                0.99822,                      1,                  0.995,                0.92568,                0.36261,                0.17161,                 0.9412,             3.5511e-05,             3.5511e-05,             3.5511e-05
                    396,                0.23131,                0.25813,                0.84943,                0.99822,                      1,                  0.995,                0.92282,                0.36313,                0.17041,                0.94224,             3.1974e-05,             3.1974e-05,             3.1974e-05
                    397,                0.23363,                0.15357,                0.83523,                0.99818,                      1,                  0.995,                0.92517,                0.36187,                0.17125,                0.94259,             2.8437e-05,             2.8437e-05,             2.8437e-05
                    398,                0.23467,                0.16003,                0.83809,                0.99824,                      1,                  0.995,                0.92528,                0.36096,                0.17041,                0.94268,               2.49e-05,               2.49e-05,               2.49e-05
                    399,                0.23748,                0.15597,                0.84098,                0.99821,                      1,                  0.995,                 0.9264,                0.36016,                  0.169,                0.94464,             2.1364e-05,             2.1364e-05,             2.1364e-05
                    400,                0.24332,                0.15492,                0.84231,                0.99823,                      1,                  0.995,                0.92435,                 0.3596,                0.16774,                0.94259,             1.7827e-05,             1.7827e-05,             1.7827e-05
